ENST00000382410.3,38,471,677
ENST00000382398.4,39,336,59
ENST00000382388.4,91,300,139
ENST00000334391.5,88,282,33
ENST00000246105.4,31,552,115
ENST00000382376.4,55,288,1790
ENST00000382369.9,89,987,344
ENST00000360321.7,140,1092,344
ENST00000400269.4,175,1089,344
ENST00000500893.4,17,1212,1523
ENST00000342665.5,373,948,3352
ENST00000609179.5,237,341,0
ENST00000382291.7,240,615,1233
ENST00000609504.5,232,350,0
ENST00000382285.7,232,615,1227
ENST00000608467.5,144,198,162
ENST00000608736.1,121,249,342
ENST00000608875.1,0,209,732
ENST00000217233.9,410,1077,869
ENST00000422053.3,317,1158,58
ENST00000411647.5,241,352,0
ENST00000382214.7,708,1011,1033
ENST00000415942.5,705,819,1089
ENST00000475269.5,680,318,202
ENST00000441733.5,611,350,0
ENST00000353660.7,568,1407,536
ENST00000697804.1,507,1221,943
ENST00000356286.10,459,1533,1709
ENST00000400245.3,453,369,202
ENST00000382181.2,426,693,1089
ENST00000400247.3,396,192,202
ENST00000697805.1,254,1584,522
ENST00000414880.1,0,765,0
ENST00000680792.1,137,1212,874
ENST00000461304.5,126,1212,686
ENST00000354200.5,128,1212,3106
ENST00000681539.1,145,1212,2149
ENST00000681441.1,99,534,3850
ENST00000681414.1,111,1131,3094
ENST00000681129.1,114,1026,3094
ENST00000679741.1,134,1212,1362
ENST00000680990.1,134,381,4078
ENST00000681777.1,134,600,3669
ENST00000679895.1,134,1308,3089
ENST00000680284.1,136,1212,1634
ENST00000681551.1,134,1137,3084
ENST00000679973.1,134,1140,2821
ENST00000680911.1,134,1140,1340
ENST00000679944.1,134,1212,1500
ENST00000681636.1,137,1212,1383
ENST00000680106.1,134,1212,1546
ENST00000680050.1,111,1026,1342
ENST00000681742.1,161,1212,2021
ENST00000680515.1,111,1026,1995
ENST00000217244.9,345,1176,11463
ENST00000646561.1,273,1176,11463
ENST00000643660.1,170,1176,1476
ENST00000645623.1,293,1176,723
ENST00000619801.5,0,357,552
ENST00000400227.8,134,1158,198
ENST00000349736.10,428,768,2851
ENST00000645910.1,197,354,3739
ENST00000645840.1,228,267,3800
ENST00000646305.1,514,1176,2769
ENST00000645260.1,165,1065,2338
ENST00000642689.1,170,1125,1250
ENST00000645234.1,150,1131,1305
ENST00000646814.1,397,1176,1239
ENST00000644885.1,150,1092,1237
ENST00000646477.1,619,768,1237
ENST00000644710.1,420,1125,1213
ENST00000644003.1,477,768,1074
ENST00000645249.1,287,285,2288
ENST00000647026.1,170,1065,571
ENST00000400217.7,113,1176,196
ENST00000647348.1,435,1176,170
ENST00000643600.1,156,771,229
ENST00000643680.1,228,621,0
ENST00000460062.7,523,128,0
ENST00000643968.1,142,354,1850
ENST00000644177.1,205,395,0
ENST00000609525.2,414,432,0
ENST00000645091.1,126,400,0
ENST00000608066.6,338,278,0
ENST00000646908.1,920,224,0
ENST00000645187.1,219,459,143
ENST00000642160.1,254,261,904
ENST00000643910.1,445,101,0
ENST00000246080.4,72,600,334
ENST00000381962.4,15,414,2099
ENST00000488788.2,199,285,2230
ENST00000246104.7,201,924,2075
ENST00000473664.2,51,1011,839
ENST00000645534.1,255,1410,946
ENST00000381944.5,388,1248,1570
ENST00000217254.11,298,1410,946
ENST00000488495.3,764,1410,932
ENST00000675066.1,179,1095,1400
ENST00000676154.1,82,684,0
ENST00000674666.1,777,134,0
ENST00000381941.8,334,888,585
ENST00000304189.6,381,888,587
ENST00000381939.1,262,888,587
ENST00000246100.3,144,888,587
ENST00000541082.2,139,888,587
ENST00000505691.2,0,569,759
ENST00000381922.5,120,1512,3060
ENST00000217260.9,147,705,1905
ENST00000400634.2,100,519,103
ENST00000652336.1,191,792,1433
ENST00000333082.7,168,816,2702
ENST00000381899.8,153,551,0
ENST00000246015.8,176,792,1074
ENST00000335877.11,172,816,7166
ENST00000435720.5,0,319,0
ENST00000381898.5,0,384,258
ENST00000381894.3,672,771,287
ENST00000429036.2,827,771,278
ENST00000400633.3,132,300,1974
ENST00000683101.1,129,1668,1419
ENST00000402452.5,117,1566,24
ENST00000409241.5,93,1671,44
ENST00000246108.3,296,196,0
ENST00000649598.1,272,1584,997
ENST00000381867.6,703,1617,3273
ENST00000381873.7,236,1485,3274
ENST00000381812.5,139,879,532
ENST00000360779.4,74,879,532
ENST00000381808.7,171,624,466
ENST00000339987.7,59,879,466
ENST00000617804.1,98,351,124
ENST00000400137.9,56,327,1131
ENST00000618612.5,107,294,1051
ENST00000439640.5,110,279,1131
ENST00000678136.1,56,114,1421
ENST00000677335.1,94,327,1152
ENST00000381719.8,125,327,3112
ENST00000678408.1,105,327,1767
ENST00000381724.8,54,327,701
ENST00000381715.4,56,270,2483
ENST00000612074.5,0,114,2668
ENST00000677533.1,166,390,1591
ENST00000614856.2,76,285,15
ENST00000353088.6,4,1020,1587
ENST00000555944.5,81,108,2399
ENST00000476071.5,94,1119,1587
ENST00000216879.9,25,1113,1583
ENST00000381653.9,0,825,621
ENST00000555568.5,11,108,744
ENST00000470376.5,5,216,624
ENST00000489203.2,0,318,376
ENST00000481731.5,159,870,901
ENST00000486775.5,228,870,507
ENST00000359801.8,61,1029,1589
ENST00000444444.2,122,735,27
ENST00000608073.1,54,261,163
ENST00000429387.5,0,242,174
ENST00000381621.5,52,597,174
ENST00000381623.4,52,594,174
ENST00000566961.2,0,422,141
ENST00000567028.5,37,531,0
ENST00000564763.1,65,519,4
ENST00000381605.9,65,1197,4115
ENST00000381603.7,52,546,1117
ENST00000262929.9,0,543,1116
ENST00000569629.1,0,177,295
ENST00000563840.1,115,468,0
ENST00000565076.1,0,549,265
ENST00000569387.5,0,234,713
ENST00000566055.5,0,234,694
ENST00000565087.5,0,234,673
ENST00000565230.5,0,395,260
ENST00000562014.5,0,711,96
ENST00000279477.11,65,1197,945
ENST00000568365.1,65,1197,439
ENST00000381580.5,180,1065,487
ENST00000344103.8,42,513,487
ENST00000303415.7,65,1164,487
ENST00000381583.6,65,831,487
ENST00000216927.4,0,831,0
ENST00000400068.7,360,1515,2326
ENST00000622179.4,19,1527,3024
ENST00000356025.7,23,1515,2329
ENST00000358771.5,41,1515,3024
ENST00000540134.5,141,765,1566
ENST00000539905.5,394,765,1566
ENST00000217305.3,227,765,1564
ENST00000651328.1,134,448,0
ENST00000650824.1,141,414,0
ENST00000651882.1,451,356,0
ENST00000650937.1,242,347,0
ENST00000651684.1,191,273,0
ENST00000650874.1,197,268,0
ENST00000652436.1,325,205,0
ENST00000651996.1,134,62,0
ENST00000381482.8,55,1605,4809
ENST00000493263.1,0,1188,407
ENST00000651531.1,240,2139,478
ENST00000381458.6,63,2082,498
ENST00000202625.7,68,2121,110
ENST00000381423.1,61,1878,219
ENST00000438552.6,163,723,122
ENST00000381342.7,99,696,287
ENST00000474384.2,42,213,730
ENST00000461548.1,263,342,218
ENST00000278772.9,271,1800,1344
ENST00000617391.4,432,1530,1338
ENST00000612935.4,414,1923,1338
ENST00000445484.5,594,434,0
ENST00000381253.5,271,357,191
ENST00000674000.1,278,198,297
ENST00000358413.6,414,357,0
ENST00000421216.1,338,304,0
ENST00000358864.2,49,2721,2229
ENST00000496948.2,0,721,1948
ENST00000651302.1,68,1437,263
ENST00000329276.10,29,1785,99
ENST00000445139.1,12,844,0
ENST00000467196.5,0,757,563
ENST00000415272.2,0,659,969
ENST00000466494.6,0,436,241
ENST00000474315.5,1,1164,114
ENST00000380843.9,28,1158,356
ENST00000477689.2,0,251,357
ENST00000613370.1,31,1131,238
ENST00000609451.6,866,1809,846
ENST00000380648.9,272,1797,839
ENST00000449079.7,268,1623,897
ENST00000497450.5,150,294,0
ENST00000469215.2,0,414,0
ENST00000481662.2,0,160,139
ENST00000380605.3,55,2205,116
ENST00000380593.4,83,765,1018
ENST00000603872.2,64,498,55
ENST00000380589.4,174,498,58
ENST00000361033.1,33,588,3271
ENST00000380585.2,63,459,1049
ENST00000474714.5,0,383,148
ENST00000360652.7,466,1365,148
ENST00000356872.7,346,1212,148
ENST00000448755.5,482,688,0
ENST00000439542.1,346,841,0
ENST00000380469.7,72,2088,158
ENST00000380445.8,30,2520,158
ENST00000453689.5,142,824,0
ENST00000417508.1,139,680,0
ENST00000455631.5,347,760,0
ENST00000399903.7,408,2409,536
ENST00000216877.10,400,2382,943
ENST00000431048.5,292,415,0
ENST00000430705.5,206,527,0
ENST00000318266.9,296,2382,541
ENST00000356147.3,218,2382,535
ENST00000245983.6,51,363,11
ENST00000359100.6,51,342,11
ENST00000380347.6,405,342,11
ENST00000380346.2,3,339,11
ENST00000380325.4,17,618,381
ENST00000217386.2,36,378,99
ENST00000380293.3,50,495,74
ENST00000217173.7,141,1626,2533
ENST00000348031.6,472,1464,2533
ENST00000449731.1,259,265,0
ENST00000380266.4,290,2295,257
ENST00000692371.1,274,2295,253
ENST00000687419.1,426,2295,239
ENST00000688674.1,831,2295,237
ENST00000329152.7,1398,2022,1837
ENST00000360342.7,334,1884,1837
ENST00000645462.1,334,1884,1837
ENST00000337576.7,337,2022,1837
ENST00000354488.8,55,945,303
ENST00000380201.2,58,897,173
ENST00000380113.8,54,585,398
ENST00000455664.6,39,534,156
ENST00000399838.3,27,462,408
ENST00000380056.7,48,2676,370
ENST00000380059.7,102,2757,370
ENST00000642402.1,53,2628,365
ENST00000644692.1,216,2427,355
ENST00000644011.1,53,2559,349
ENST00000647296.1,53,2514,348
ENST00000474451.5,225,1725,1065
ENST00000437836.2,180,314,0
ENST00000645524.1,36,243,240
ENST00000644862.1,226,31,0
ENST00000252032.10,112,3534,3266
ENST00000262919.10,90,4290,4271
ENST00000446916.2,0,3819,102
ENST00000290417.7,0,810,661
ENST00000319242.8,0,900,661
ENST00000477160.1,0,549,0
ENST00000379861.8,242,2439,993
ENST00000350009.6,127,2364,989
ENST00000356518.7,6,2442,988
ENST00000419548.4,0,1390,2936
ENST00000344754.6,240,5130,1590
ENST00000707083.1,0,5106,0
ENST00000254963.7,127,2061,945
ENST00000399701.1,261,1803,945
ENST00000399683.7,0,383,550
ENST00000217195.12,152,600,550
ENST00000379772.4,177,525,550
ENST00000399672.5,659,525,550
ENST00000379756.3,161,711,708
ENST00000379751.5,257,1800,833
ENST00000344256.10,360,1551,1160
ENST00000379598.9,360,1470,1160
ENST00000439880.6,241,1701,1154
ENST00000245960.10,222,1743,1154
ENST00000340833.4,101,1620,257
ENST00000379573.6,244,180,1424
ENST00000379567.6,183,603,1005
ENST00000615891.2,228,603,4541
ENST00000416600.6,420,1200,9976
ENST00000428216.4,137,1623,9971
ENST00000497424.5,311,840,3664
ENST00000316562.9,178,1713,6593
ENST00000495692.5,620,347,0
ENST00000643504.2,44,465,4618
ENST00000610179.7,44,1383,6593
ENST00000336066.8,42,516,1285
ENST00000646394.1,0,1210,337
ENST00000621507.1,362,840,561
ENST00000336095.10,252,447,6754
ENST00000358395.11,129,447,6752
ENST00000432261.6,0,510,2639
ENST00000545616.2,122,510,496
ENST00000621355.4,225,1758,339
ENST00000278795.7,225,1599,340
ENST00000339123.10,225,1509,340
ENST00000305958.9,176,1668,320
ENST00000346595.6,69,573,340
ENST00000379460.6,222,1668,340
ENST00000457205.1,0,1329,340
ENST00000379453.6,330,1719,893
ENST00000430350.2,169,762,1608
ENST00000379440.9,67,762,1606
ENST00000424424.2,59,762,1608
ENST00000457586.2,204,762,1608
ENST00000305817.3,72,531,3378
ENST00000379400.8,159,981,4250
ENST00000379376.2,54,981,4247
ENST00000379333.5,393,1953,4616
ENST00000338244.6,386,1953,4614
ENST00000423430.1,0,911,0
ENST00000615008.4,181,384,29
ENST00000612323.4,142,384,705
ENST00000379286.6,421,363,951
ENST00000379299.6,328,363,951
ENST00000379279.6,322,363,951
ENST00000379283.6,346,363,951
ENST00000379276.4,84,222,0
ENST00000379143.10,160,786,330
ENST00000379160.3,243,786,330
ENST00000450570.1,194,751,0
ENST00000460006.6,85,1338,7653
ENST00000678254.1,469,1155,2822
ENST00000217270.4,83,1155,2779
ENST00000678059.1,261,1047,2749
ENST00000418646.5,0,793,3222
ENST00000379019.7,193,2019,3222
ENST00000633552.1,0,187,384
ENST00000481690.2,111,306,402
ENST00000378979.8,91,189,305
ENST00000303142.11,83,618,932
ENST00000445603.1,138,363,0
ENST00000442185.1,27,600,0
ENST00000378961.9,124,2034,304
ENST00000455042.1,260,869,0
ENST00000203001.7,128,1494,1307
ENST00000453074.6,553,984,702
ENST00000378883.5,377,2382,815
ENST00000378886.6,377,2643,815
ENST00000378896.7,431,2523,815
ENST00000610722.4,377,2523,4586
ENST00000265187.4,152,2475,815
ENST00000652720.1,134,3030,2698
ENST00000452938.5,154,618,3087
ENST00000378863.9,124,906,2895
ENST00000378868.4,150,609,235
ENST00000698795.1,225,1047,1856
ENST00000378858.5,236,2223,476
ENST00000698797.1,188,864,570
ENST00000217289.9,275,2034,2328
ENST00000699095.1,3519,2034,1718
ENST00000536936.1,275,267,2687
ENST00000699098.1,0,891,40
ENST00000378827.5,1197,1191,1157
ENST00000378789.4,36,1113,608
ENST00000246024.7,148,1050,4905
ENST00000527925.1,192,595,0
ENST00000462384.6,33,240,600
ENST00000637919.1,258,3219,1597
ENST00000625874.2,325,2881,0
ENST00000630495.2,349,410,0
ENST00000378641.7,514,3522,3287
ENST00000338037.11,386,3651,3051
ENST00000629992.2,382,747,1966
ENST00000636319.1,337,537,2056
ENST00000404098.6,126,618,516
ENST00000378637.6,3,3522,339
ENST00000637204.1,0,100,0
ENST00000626966.2,113,2883,0
ENST00000475958.1,0,80,363
ENST00000487210.5,0,2744,2037
ENST00000439627.2,0,591,1228
ENST00000628239.2,0,695,135
ENST00000635929.1,0,598,1693
ENST00000437439.2,0,126,195
ENST00000637422.1,0,105,17
ENST00000637935.1,0,262,3054
ENST00000378501.3,191,3585,2233
ENST00000378493.6,233,3528,2253
ENST00000441846.5,175,330,0
ENST00000685110.1,172,3528,1814
ENST00000688325.1,207,3567,490
ENST00000414679.7,207,3339,775
ENST00000685148.1,207,3078,2025
ENST00000686871.1,207,3585,1461
ENST00000688837.1,207,3318,580
ENST00000687765.1,207,3069,828
ENST00000693544.1,201,3300,1461
ENST00000693752.1,145,3585,1461
ENST00000693502.1,145,3369,1814
ENST00000687299.1,176,624,4017
ENST00000686584.1,267,2601,2239
ENST00000685859.1,267,3528,1814
ENST00000689910.1,273,3528,1814
ENST00000685298.1,263,3630,3932
ENST00000690729.1,776,3225,1483
ENST00000378473.9,254,3621,1799
ENST00000684997.1,187,3567,707
ENST00000686313.1,187,3585,1461
ENST00000691007.1,187,3495,600
ENST00000686976.1,228,3585,1461
ENST00000687446.1,172,3474,1814
ENST00000685823.1,158,3564,1483
ENST00000686117.1,156,3243,1814
ENST00000685568.1,152,3621,1462
ENST00000685482.1,198,3132,1461
ENST00000686163.1,198,1665,3502
ENST00000693160.1,198,3363,1482
ENST00000691112.1,198,3399,1482
ENST00000686893.1,198,3540,1482
ENST00000689010.1,142,3324,1814
ENST00000693492.1,198,1455,3352
ENST00000690960.1,198,3531,590
ENST00000692085.1,198,3495,600
ENST00000692395.1,196,3243,1814
ENST00000693090.1,196,3243,1814
ENST00000686253.1,196,3441,600
ENST00000693005.1,228,3528,1814
ENST00000685310.1,130,3528,1814
ENST00000688656.1,130,3528,1814
ENST00000278655.9,114,3474,1814
ENST00000416836.5,416,179,0
ENST00000492632.5,15,3069,2573
ENST00000689392.1,0,111,4951
ENST00000427562.6,495,711,103
ENST00000246070.3,263,843,704
ENST00000353224.10,476,2160,2092
ENST00000378423.5,380,2160,2073
ENST00000378429.3,547,2160,2073
ENST00000378392.6,455,2331,2643
ENST00000378380.4,329,2331,2643
ENST00000254976.7,211,621,1221
ENST00000691665.1,338,621,2061
ENST00000304886.6,208,621,1221
ENST00000693325.1,281,621,2061
ENST00000689858.1,234,621,2061
ENST00000689757.1,309,621,2061
ENST00000685131.1,180,621,2061
ENST00000687785.1,334,621,2061
ENST00000691161.1,386,621,2061
ENST00000692411.1,200,621,2061
ENST00000690812.1,218,621,2061
ENST00000430336.1,211,281,0
ENST00000706269.1,118,621,1221
ENST00000691353.1,317,621,2061
ENST00000347364.7,763,1713,4238
ENST00000651692.1,842,1713,3626
ENST00000399054.6,887,1713,63
ENST00000609375.1,514,153,215
ENST00000713549.1,390,153,27
ENST00000649912.2,136,192,242
ENST00000334534.10,178,1227,4651
ENST00000488816.1,0,236,361
ENST00000254958.10,469,3657,1814
ENST00000613518.1,0,518,79
ENST00000622545.1,0,223,284
ENST00000254977.7,357,1386,2943
ENST00000399006.6,497,1386,2943
ENST00000405977.5,625,1569,2943
ENST00000449299.5,210,153,486
ENST00000450368.1,480,5,0
ENST00000422390.5,176,407,0
ENST00000618918.4,176,1386,2924
ENST00000618296.4,272,1386,2924
ENST00000378226.7,383,1569,2929
ENST00000455911.5,74,419,0
ENST00000430557.1,242,299,0
ENST00000399002.7,296,1659,4236
ENST00000434210.5,153,419,0
ENST00000450297.1,0,645,0
ENST00000431275.1,0,365,88
ENST00000262487.5,503,1395,1192
ENST00000337743.9,113,1263,966
ENST00000455532.5,84,916,0
ENST00000434275.1,0,332,94
ENST00000202816.5,108,2556,552
ENST00000617257.2,83,2556,549
ENST00000378081.9,62,804,1543
ENST00000378106.10,41,1038,4370
ENST00000463598.1,19,954,18
ENST00000284951.10,80,2067,238
ENST00000475649.5,0,134,409
ENST00000423870.6,78,537,1733
ENST00000378072.5,82,1728,82
ENST00000486903.5,589,1164,483
ENST00000646153.1,523,1338,48
ENST00000473203.1,402,133,0
ENST00000217246.8,395,1278,3321
ENST00000684519.1,248,1347,3321
ENST00000642719.1,105,1362,165
ENST00000402914.5,462,642,3321
ENST00000407045.3,237,297,193
ENST00000341420.5,455,1950,2572
ENST00000378053.3,257,1950,2569
ENST00000636835.1,159,3801,1149
ENST00000354981.7,173,3954,1149
ENST00000635823.2,107,5499,303
ENST00000408042.5,158,4179,303
ENST00000450176.1,0,556,0
ENST00000377943.9,139,678,771
ENST00000246071.8,174,678,1559
ENST00000246081.3,44,387,1046
ENST00000377899.5,306,1860,2508
ENST00000262545.7,266,1917,2508
ENST00000536609.1,250,1812,213
ENST00000377873.8,50,1998,169
ENST00000377868.6,271,1623,169
ENST00000536626.7,326,1581,168
ENST00000246069.12,134,498,2773
ENST00000474024.5,310,447,1096
ENST00000449141.2,119,408,268
ENST00000470422.5,525,1041,504
ENST00000246043.8,0,4233,504
ENST00000377807.6,354,2934,504
ENST00000360807.8,289,2934,504
ENST00000377813.6,313,4233,503
ENST00000455029.3,175,2256,54
ENST00000495501.2,0,690,142
ENST00000398782.2,289,902,0
ENST00000545418.2,17,294,49
ENST00000427254.1,497,126,0
ENST00000377805.7,111,273,60
ENST00000246090.6,256,273,60
ENST00000377768.7,313,1215,760
ENST00000377759.9,369,1215,757
ENST00000463050.5,0,512,333
ENST00000431277.5,33,807,0
ENST00000419004.2,86,692,0
ENST00000606557.1,349,381,357
ENST00000606602.1,360,168,357
ENST00000481323.1,140,96,326
ENST00000486039.1,369,96,137
ENST00000278780.7,282,828,473
ENST00000377710.10,183,1035,1013
ENST00000377709.1,128,795,1013
ENST00000377704.4,86,759,936
ENST00000677174.1,830,2349,892
ENST00000677573.1,664,1827,1405
ENST00000377681.8,663,2349,915
ENST00000678777.1,656,1986,1275
ENST00000676992.1,656,540,2513
ENST00000688188.1,642,2346,576
ENST00000677266.1,1070,2349,892
ENST00000677610.1,790,2346,928
ENST00000676935.1,790,2349,928
ENST00000464792.2,583,2349,0
ENST00000435364.8,647,2349,928
ENST00000678772.1,721,2349,928
ENST00000489634.2,259,1965,928
ENST00000432901.4,93,246,812
ENST00000396026.7,577,1962,178
ENST00000622607.4,517,1965,178
ENST00000377671.7,559,1962,180
ENST00000535822.6,262,1680,147
ENST00000698696.1,532,225,1945
ENST00000698697.1,545,240,2023
ENST00000360010.9,184,297,0
ENST00000628216.2,169,1974,175
ENST00000698698.1,291,1965,165
ENST00000425686.3,509,1965,180
ENST00000434018.5,95,428,0
ENST00000630056.1,141,1680,178
ENST00000402618.7,89,240,2025
ENST00000698704.1,691,1965,163
ENST00000401790.6,242,1965,178
ENST00000698699.1,677,1965,165
ENST00000698705.1,244,1965,176
ENST00000626025.2,64,144,408
ENST00000698700.1,648,330,2046
ENST00000316358.8,97,1965,180
ENST00000377630.9,54,744,2497
ENST00000699525.1,54,2277,1032
ENST00000699568.1,54,2334,1032
ENST00000262547.9,209,2259,1030
ENST00000357236.8,1031,1680,1028
ENST00000358866.10,23,2259,1028
ENST00000608192.5,151,570,2817
ENST00000699588.1,136,135,3001
ENST00000699590.1,62,2292,784
ENST00000699607.1,0,1546,756
ENST00000609267.5,380,1725,1040
ENST00000480488.2,417,420,0
ENST00000460891.5,234,744,2178
ENST00000699591.1,1567,687,1133
ENST00000697645.1,127,615,1413
ENST00000697647.1,122,1047,1065
ENST00000697649.1,118,807,1065
ENST00000697650.1,252,363,1413
ENST00000697651.1,118,972,1075
ENST00000462997.6,344,828,1090
ENST00000697652.1,251,699,1072
ENST00000377603.5,117,951,1088
ENST00000497333.5,275,153,268
ENST00000697653.1,112,114,1906
ENST00000697654.1,111,507,785
ENST00000697655.1,108,129,2021
ENST00000697656.1,98,261,1625
ENST00000697657.1,94,735,1285
ENST00000697658.1,236,699,1076
ENST00000489753.1,193,507,5
ENST00000697660.1,612,18,0
ENST00000337227.9,58,561,3224
ENST00000336714.8,485,2304,675
ENST00000646240.1,347,156,0
ENST00000450074.6,140,993,0
ENST00000262544.6,490,2304,382
ENST00000643747.1,115,2250,315
ENST00000474619.1,136,96,0
ENST00000645851.1,393,179,0
ENST00000377465.6,372,2304,675
ENST00000650089.1,47,2304,675
ENST00000422877.1,0,741,93
ENST00000435844.3,132,285,158
ENST00000411646.2,47,288,155
ENST00000608034.1,32,222,416
ENST00000618693.4,26,669,0
ENST00000647441.1,131,384,3597
ENST00000494921.2,109,642,2139
ENST00000377452.4,19,630,3304
ENST00000377428.4,33,471,92
ENST00000328041.11,201,1935,1786
ENST00000255006.12,232,2688,1520
ENST00000648440.1,296,2688,1521
ENST00000440354.2,36,1389,412
ENST00000310450.8,87,336,497
ENST00000334982.9,35,537,468
ENST00000398602.2,635,501,468
ENST00000536226.2,124,2064,1827
ENST00000377327.8,32,2511,1827
ENST00000377340.6,32,2547,1827
ENST00000490910.5,32,315,3836
ENST00000496549.5,32,225,3836
ENST00000340348.10,73,1112,0
ENST00000245957.10,96,3714,288
ENST00000674269.1,63,2115,0
ENST00000377306.5,76,1413,528
ENST00000494029.5,42,168,360
ENST00000377303.6,112,567,0
ENST00000475466.5,162,407,0
ENST00000451767.6,8,1413,525
ENST00000472660.1,60,482,0
ENST00000442372.2,99,204,256
ENST00000431753.1,0,683,67
ENST00000468719.6,284,165,985
ENST00000377293.5,69,603,387
ENST00000377308.6,129,963,779
ENST00000389656.4,3,603,170
ENST00000310227.3,164,1533,1149
ENST00000202677.12,164,5622,3759
ENST00000430436.5,0,5222,3547
ENST00000427175.2,0,752,1871
ENST00000495793.2,0,682,0
ENST00000619574.4,54,1875,42
ENST00000620891.4,255,1713,46
ENST00000612654.1,102,186,120
ENST00000611685.4,0,1873,42
ENST00000616848.4,210,1623,42
ENST00000619189.5,34,2022,46
ENST00000616679.4,0,1566,2290
ENST00000619179.4,0,1617,46
ENST00000621366.1,0,1351,46
ENST00000377191.5,68,2853,487
ENST00000351817.5,127,1065,546
ENST00000377142.5,395,822,906
ENST00000398485.6,54,1605,1179
ENST00000613128.5,49,1374,3919
ENST00000444366.2,1,1302,547
ENST00000419308.7,294,1392,852
ENST00000377115.4,182,1374,845
ENST00000255008.5,172,1167,2587
ENST00000377103.3,168,1728,2144
ENST00000246006.5,132,1959,4590
ENST00000254998.3,332,423,307
ENST00000338121.10,77,2136,2621
ENST00000424216.1,649,146,0
ENST00000377051.2,0,2136,2604
ENST00000398425.7,352,615,2857
ENST00000432543.6,117,780,2857
ENST00000617876.4,117,909,2857
ENST00000377026.4,86,897,2854
ENST00000246020.3,215,438,52
ENST00000347397.5,246,438,52
ENST00000377007.3,46,312,103
ENST00000377009.8,65,417,94
ENST00000449810.5,226,404,0
ENST00000246012.2,369,429,96
ENST00000376979.4,34,444,216
ENST00000376971.4,53,480,1100
ENST00000398411.5,83,441,2762
ENST00000376925.8,93,441,259
ENST00000398409.1,132,441,259
ENST00000217423.4,69,426,254
ENST00000304749.7,69,426,254
ENST00000398402.1,144,426,85
ENST00000304725.3,69,426,251
ENST00000304710.5,72,429,254
ENST00000286890.8,184,678,166
ENST00000278765.8,133,678,163
ENST00000335694.4,205,678,163
ENST00000376862.4,203,777,1112
ENST00000480798.2,237,438,216
ENST00000451442.5,0,1229,888
ENST00000217456.3,63,1251,888
ENST00000537502.5,270,1707,1532
ENST00000432802.6,80,1728,630
ENST00000323482.9,37,2070,1525
ENST00000376726.3,878,462,904
ENST00000429762.7,35,906,1036
ENST00000409285.6,35,843,608
ENST00000409958.6,35,657,613
ENST00000444511.6,35,711,451
ENST00000376709.9,45,1098,798
ENST00000376707.4,35,720,188
ENST00000360031.6,182,1452,1132
ENST00000376652.9,171,1455,2478
ENST00000433259.6,126,1314,1214
ENST00000435520.5,314,564,0
ENST00000425813.5,44,901,0
ENST00000447877.5,0,932,0
ENST00000376666.3,0,886,1214
ENST00000216962.9,94,2532,1490
ENST00000428458.1,0,734,0
ENST00000465694.2,0,651,435
ENST00000376542.8,132,1215,230
ENST00000672331.1,0,363,449
ENST00000672871.1,0,462,226
ENST00000671858.1,0,888,711
ENST00000673524.1,0,430,960
ENST00000339157.10,132,1197,631
ENST00000672114.1,0,510,641
ENST00000672258.1,0,540,669
ENST00000672358.1,0,687,707
ENST00000672596.1,0,684,641
ENST00000673227.1,0,633,693
ENST00000672406.1,448,144,1126
ENST00000672566.1,893,726,416
ENST00000673121.1,307,753,142
ENST00000671784.1,0,531,53
ENST00000576316.5,0,585,35
ENST00000673094.1,0,456,190
ENST00000491682.5,335,479,0
ENST00000471287.5,489,316,0
ENST00000450393.5,54,561,0
ENST00000461204.1,50,357,305
ENST00000696810.1,366,276,1409
ENST00000696806.1,210,336,3081
ENST00000262460.5,148,591,2572
ENST00000696862.1,543,261,2540
ENST00000696870.1,136,285,1597
ENST00000696874.1,136,591,2313
ENST00000696807.1,386,276,2555
ENST00000696804.1,135,474,100
ENST00000696894.1,119,531,452
ENST00000696875.1,114,219,2550
ENST00000696876.1,112,153,2421
ENST00000696793.1,92,498,2328
ENST00000696878.1,342,225,2585
ENST00000696814.1,92,609,2583
ENST00000484893.2,358,486,162
ENST00000696895.1,332,261,2819
ENST00000696896.1,0,402,2721
ENST00000278886.11,88,4149,754
ENST00000336104.6,0,1854,442
ENST00000706726.1,81,531,2615
ENST00000706725.1,344,1425,1481
ENST00000304788.4,66,747,2990
ENST00000252979.6,144,2256,1837
ENST00000376436.5,540,2256,817
ENST00000400552.1,0,267,0
ENST00000400549.1,0,309,0
ENST00000253381.3,50,372,753
ENST00000339144.3,107,132,245
ENST00000376321.4,107,255,82
ENST00000376315.2,0,267,57
ENST00000376314.3,63,231,68
ENST00000376309.4,67,204,83
ENST00000317676.3,526,216,35
ENST00000201979.3,298,897,465
ENST00000340852.9,124,1134,348
ENST00000674240.1,124,1185,500
ENST00000649820.1,110,1098,433
ENST00000398174.9,110,1281,324
ENST00000466766.2,97,1263,225
ENST00000498035.5,95,432,3405
ENST00000650367.1,54,432,1169
ENST00000344042.5,31,816,0
ENST00000649374.1,0,1038,193
ENST00000619859.1,0,153,302
ENST00000394552.4,125,546,32
ENST00000376105.4,105,450,678
ENST00000376112.4,99,468,416
ENST00000376075.4,51,516,102
ENST00000376062.6,379,702,1497
ENST00000376055.9,486,513,1497
ENST00000307677.5,381,702,1491
ENST00000677194.1,185,702,1486
ENST00000434194.2,253,702,1486
ENST00000676582.1,1024,702,1486
ENST00000676942.1,225,702,1486
ENST00000678563.1,356,702,1486
ENST00000456404.6,374,702,1486
ENST00000420488.6,256,702,1486
ENST00000439267.2,238,702,1486
ENST00000678671.1,1024,603,1630
ENST00000422920.2,1024,513,690
ENST00000450273.2,368,924,0
ENST00000340513.4,528,2352,725
ENST00000300403.11,509,2244,720
ENST00000375994.6,273,1791,892
ENST00000375985.5,121,1791,887
ENST00000375978.5,62,993,247
ENST00000447647.5,0,281,767
ENST00000278979.7,77,888,767
ENST00000398083.5,477,399,336
ENST00000486996.5,916,399,336
ENST00000398084.6,521,399,336
ENST00000375966.8,42,699,336
ENST00000339738.10,190,708,326
ENST00000428829.1,235,229,0
ENST00000535842.6,321,1320,1979
ENST00000375938.8,253,1320,1050
ENST00000375921.6,248,318,2194
ENST00000310998.8,196,318,1026
ENST00000375922.8,276,1044,541
ENST00000644596.1,459,1140,2176
ENST00000620043.4,66,1026,1942
ENST00000375934.8,54,840,369
ENST00000642230.1,35,180,2177
ENST00000619753.1,0,119,2226
ENST00000612972.1,0,554,470
ENST00000202017.6,85,402,1470
ENST00000562532.3,25,1740,5930
ENST00000452892.3,17,1716,866
ENST00000262659.12,5,1302,1216
ENST00000375862.7,228,1578,0
ENST00000486475.6,183,186,1600
ENST00000629881.2,310,1518,141
ENST00000262651.4,183,126,1851
ENST00000375852.5,183,1581,337
ENST00000520553.5,246,1518,337
ENST00000518730.5,227,1515,0
ENST00000398022.7,27,1929,1812
ENST00000442842.5,24,258,281
ENST00000450829.5,13,258,279
ENST00000217315.9,340,1878,1814
ENST00000246229.5,217,1491,3948
ENST00000706471.1,87,621,4677
ENST00000706472.1,85,237,4664
ENST00000375749.8,62,1167,3997
ENST00000375730.3,49,585,873
ENST00000375712.4,180,2244,3692
ENST00000651418.1,446,1878,822
ENST00000375687.10,445,4626,1981
ENST00000646367.1,427,258,380
ENST00000644587.1,417,255,404
ENST00000645337.1,233,258,151
ENST00000649901.1,926,174,161
ENST00000646985.1,243,4443,1980
ENST00000645035.1,220,228,161
ENST00000497249.6,198,228,69
ENST00000643168.1,433,407,0
ENST00000375689.5,182,246,384
ENST00000306058.9,0,4611,1980
ENST00000555343.2,694,174,166
ENST00000645688.1,266,234,0
ENST00000642676.1,200,174,161
ENST00000359676.9,143,1311,4537
ENST00000621426.7,443,2043,4537
ENST00000475781.1,169,519,439
ENST00000326071.8,254,276,171
ENST00000375677.5,0,370,171
ENST00000375678.7,1251,468,323
ENST00000201961.6,0,748,223
ENST00000419612.1,0,229,82
ENST00000608990.6,573,585,3945
ENST00000360785.6,1050,585,42
ENST00000642484.1,132,636,1927
ENST00000642630.1,132,549,3729
ENST00000646357.1,132,819,1795
ENST00000645058.1,176,693,2316
ENST00000278980.11,76,603,683
ENST00000610160.1,54,174,1759
ENST00000446419.6,64,600,679
ENST00000474815.2,15,473,0
ENST00000696231.1,321,1083,2965
ENST00000328111.6,321,2562,1453
ENST00000696232.1,321,2373,1456
ENST00000348286.6,282,2313,1453
ENST00000353855.6,282,2502,1453
ENST00000696233.1,260,1443,2568
ENST00000443239.7,110,2187,377
ENST00000696235.1,88,999,622
ENST00000456297.6,64,2085,166
ENST00000696236.1,60,957,495
ENST00000201963.3,264,2538,1453
ENST00000696238.1,9,1443,2713
ENST00000696239.1,0,2343,0
ENST00000375571.6,78,807,1677
ENST00000400522.9,94,3867,236
ENST00000618684.1,0,435,0
ENST00000375523.7,67,1065,21
ENST00000356173.8,93,1140,19
ENST00000420875.5,0,459,69
ENST00000375519.2,19,369,125
ENST00000170150.4,91,1377,320
ENST00000542375.5,0,267,1403
ENST00000349552.1,0,1362,0
ENST00000375494.4,77,1419,242
ENST00000375483.4,184,1845,314
ENST00000445356.1,183,135,236
ENST00000674031.1,0,2211,314
ENST00000253362.6,146,750,226
ENST00000354932.6,66,750,226
ENST00000375452.3,185,657,141
ENST00000375454.8,185,765,189
ENST00000375422.6,71,771,221
ENST00000375413.8,71,771,184
ENST00000354297.9,70,771,234
ENST00000423645.5,216,442,0
ENST00000253354.2,82,1455,104
ENST00000427097.5,0,770,204
ENST00000473997.5,232,1494,204
ENST00000346416.7,112,1764,204
ENST00000339269.5,154,1533,204
ENST00000357886.8,154,1806,204
ENST00000217381.3,143,1518,550
ENST00000342704.11,172,1788,5384
ENST00000375279.6,412,1815,5390
ENST00000344201.7,367,792,22
ENST00000346541.7,537,1815,5385
ENST00000397800.5,336,1728,5385
ENST00000492345.5,685,1728,5390
ENST00000359606.3,39,1845,5390
ENST00000543126.1,999,459,2044
ENST00000246190.11,76,1191,742
ENST00000375238.8,111,1089,742
ENST00000488489.5,68,165,1909
ENST00000485399.5,37,579,757
ENST00000480994.5,355,377,0
ENST00000606690.5,7,893,0
ENST00000439478.5,57,868,0
ENST00000607805.5,56,633,280
ENST00000493590.1,14,216,395
ENST00000473892.1,0,287,151
ENST00000375222.4,19,462,41
ENST00000677665.1,555,738,290
ENST00000343380.6,121,1314,1255
ENST00000409299.8,103,639,4948
ENST00000344022.7,112,216,661
ENST00000217398.3,103,435,441
ENST00000342427.6,365,2544,752
ENST00000698694.1,26,492,458
ENST00000375200.6,26,2565,752
ENST00000497876.5,20,219,2901
ENST00000483118.5,12,1815,1405
ENST00000698695.1,0,309,2161
ENST00000217402.3,121,675,806
ENST00000375114.7,578,873,4979
ENST00000448364.5,661,543,0
ENST00000413297.5,498,268,0
ENST00000246194.8,313,921,4979
ENST00000333552.9,271,515,0
ENST00000442805.1,159,712,0
ENST00000374980.3,133,1002,1421
ENST00000568305.5,202,399,9
ENST00000374954.4,77,399,177
ENST00000217426.7,85,1299,766
ENST00000538132.1,387,1215,764
ENST00000665484.2,213,2493,2560
ENST00000696974.1,177,2589,730
ENST00000374864.10,175,2589,3979
ENST00000535650.8,360,2259,3599
ENST00000670516.1,168,2703,1613
ENST00000461661.2,166,1668,3479
ENST00000696975.1,149,2601,504
ENST00000654846.1,315,275,0
ENST00000665428.1,376,219,0
ENST00000660337.1,158,2340,1613
ENST00000262650.11,136,2712,3599
ENST00000665346.1,153,2712,294
ENST00000696984.1,580,13,0
ENST00000696985.1,0,125,661
ENST00000696978.1,198,1662,1726
ENST00000696979.1,177,2589,697
ENST00000664852.1,259,1662,1499
ENST00000696980.1,135,2589,690
ENST00000696981.1,135,1662,1663
ENST00000696986.1,242,192,332
ENST00000480759.1,45,144,864
ENST00000357156.7,37,291,334
ENST00000300469.13,15,144,1305
ENST00000374846.3,263,447,334
ENST00000374837.7,136,378,447
ENST00000360668.8,151,366,447
ENST00000397709.1,151,366,181
ENST00000217446.8,7,1308,324
ENST00000374820.6,0,1248,0
ENST00000438215.1,0,509,0
ENST00000628752.2,0,660,0
ENST00000374796.6,2571,6192,548
ENST00000359003.7,343,6192,548
ENST00000612493.4,322,3213,547
ENST00000616167.1,322,2949,0
ENST00000374809.6,223,663,3132
ENST00000374810.8,335,663,3129
ENST00000451665.5,212,265,0
ENST00000414082.1,210,232,0
ENST00000336431.10,41,1989,608
ENST00000469018.5,0,454,610
ENST00000470952.2,0,265,162
ENST00000427420.1,7,608,0
ENST00000488172.5,158,490,0
ENST00000481284.5,137,114,2600
ENST00000475459.6,121,225,212
ENST00000484354.1,74,443,0
ENST00000480274.1,66,183,318
ENST00000493805.6,56,547,0
ENST00000473172.5,56,609,0
ENST00000477932.5,56,375,2019
ENST00000480978.5,53,564,227
ENST00000360596.7,34,2106,745
ENST00000253382.5,32,2145,748
ENST00000651619.1,88,1425,396
ENST00000646735.1,67,1092,395
ENST00000646405.1,65,375,1227
ENST00000642498.1,65,1353,713
ENST00000644793.1,928,1425,349
ENST00000643188.1,166,1425,349
ENST00000645328.1,0,509,361
ENST00000643502.1,0,1082,228
ENST00000643443.1,37,246,1154
ENST00000451957.2,0,1092,0
ENST00000642538.1,70,399,1071
ENST00000645408.1,0,467,363
ENST00000642493.1,38,147,582
ENST00000646766.1,12,294,426
ENST00000643271.1,185,402,0
ENST00000645102.1,174,338,0
ENST00000644608.1,359,91,0
ENST00000262873.13,476,5826,249
ENST00000433934.2,0,432,249
ENST00000435272.5,0,450,249
ENST00000446156.5,0,435,249
ENST00000453028.5,0,369,249
ENST00000456649.1,0,450,241
ENST00000252015.3,26,2394,742
ENST00000451813.6,26,2370,742
ENST00000374491.3,61,1626,69
ENST00000374492.8,78,1737,69
ENST00000216968.5,83,717,549
ENST00000635377.1,0,641,1
ENST00000634509.1,0,105,337
ENST00000456790.2,117,216,1362
ENST00000435366.2,22,216,1261
ENST00000424358.1,87,216,564
ENST00000246186.8,49,1938,2389
ENST00000444717.1,0,333,196
ENST00000675032.1,26,738,290
ENST00000440766.5,36,180,582
ENST00000374436.7,228,738,286
ENST00000374443.7,50,681,286
ENST00000447927.6,84,327,521
ENST00000374450.8,52,738,279
ENST00000415116.1,66,561,112
ENST00000456600.1,226,325,0
ENST00000374408.4,121,2244,804
ENST00000457259.5,0,166,1821
ENST00000349714.9,0,819,1369
ENST00000359226.6,7,660,1369
ENST00000374384.6,10,822,1369
ENST00000374394.7,10,69,2250
ENST00000374380.6,68,696,1369
ENST00000374385.10,10,900,1357
ENST00000453855.6,0,384,654
ENST00000424405.5,10,748,0
ENST00000443429.5,7,375,310
ENST00000438533.5,6,730,0
ENST00000397554.5,11,666,2961
ENST00000491040.5,10,135,872
ENST00000397553.6,10,150,406
ENST00000374369.8,300,1506,562
ENST00000374372.1,504,1506,562
ENST00000446710.5,376,492,0
ENST00000706827.1,375,2334,5459
ENST00000706828.1,882,7500,335
ENST00000420564.5,360,342,0
ENST00000706829.1,723,7248,1717
ENST00000706830.1,723,6999,464
ENST00000461386.5,381,1617,297
ENST00000397527.6,451,7329,7654
ENST00000397524.5,325,1020,74
ENST00000425934.5,103,2053,0
ENST00000425096.1,0,629,0
ENST00000425525.1,0,417,501
ENST00000422671.1,0,2634,14
ENST00000621352.1,0,105,502
ENST00000374345.8,145,609,231
ENST00000246199.5,279,450,305
ENST00000444723.3,145,609,297
ENST00000424444.1,188,195,0
ENST00000357394.8,60,1167,130
ENST00000348547.7,20,1152,130
ENST00000438317.5,19,372,199
ENST00000416206.5,0,1193,42
ENST00000411577.5,0,357,244
ENST00000413587.5,0,977,0
ENST00000442139.5,0,472,0
ENST00000451605.1,0,391,129
ENST00000679710.1,387,1083,72
ENST00000374273.8,175,1314,72
ENST00000454819.1,183,644,0
ENST00000430878.1,0,426,27
ENST00000352393.8,323,1614,210
ENST00000415920.5,0,626,105
ENST00000317677.9,135,1629,197
ENST00000397443.7,141,1614,197
ENST00000397442.5,74,1446,175
ENST00000401607.6,76,1284,435
ENST00000437340.5,155,1600,0
ENST00000430570.5,173,1159,0
ENST00000412056.5,82,916,0
ENST00000414664.5,157,913,0
ENST00000416778.5,104,640,0
ENST00000439806.6,54,694,0
ENST00000439669.5,123,417,244
ENST00000420363.5,194,627,0
ENST00000434795.5,226,605,0
ENST00000440240.5,224,522,0
ENST00000458038.5,183,413,0
ENST00000437100.5,370,456,0
ENST00000414711.5,264,409,0
ENST00000435747.2,200,200,0
ENST00000441563.5,0,175,436
ENST00000454607.5,0,421,258
ENST00000541176.2,0,485,387
ENST00000374114.8,248,2799,3599
ENST00000359646.1,151,2799,2382
ENST00000374104.7,216,2799,2198
ENST00000424458.5,195,873,0
ENST00000431148.1,153,430,0
ENST00000435161.1,163,402,0
ENST00000374092.9,64,1374,1570
ENST00000374085.5,528,1194,923
ENST00000397425.5,123,1194,639
ENST00000440385.5,129,615,1050
ENST00000541387.5,64,1221,151
ENST00000413203.5,126,264,256
ENST00000456462.5,64,444,239
ENST00000419569.5,228,323,0
ENST00000306750.3,16,570,152
ENST00000374078.5,180,240,78
ENST00000374077.8,52,240,74
ENST00000374072.5,15,180,155
ENST00000397416.1,44,240,4
ENST00000336695.4,182,240,74
ENST00000253363.11,333,1593,3134
ENST00000656873.1,208,123,2800
ENST00000361162.10,385,1575,871
ENST00000338163.10,294,1272,1226
ENST00000403542.6,347,123,2413
ENST00000528062.7,311,1527,583
ENST00000476806.5,0,180,574
ENST00000444878.5,321,123,1680
ENST00000429968.5,329,144,1676
ENST00000448303.5,0,1008,0
ENST00000615771.5,0,490,196
ENST00000490484.7,0,738,133
ENST00000374038.7,331,695,0
ENST00000412738.5,186,123,709
ENST00000434927.5,135,581,0
ENST00000425184.5,0,72,454
ENST00000455343.5,31,123,287
ENST00000416108.5,152,123,302
ENST00000426951.5,0,260,580
ENST00000449489.5,13,123,296
ENST00000433027.5,292,120,199
ENST00000453310.5,331,123,614
ENST00000416529.5,52,189,353
ENST00000397370.3,305,288,19
ENST00000374012.8,97,3039,2743
ENST00000452270.5,372,312,148
ENST00000339089.10,368,1629,0
ENST00000374000.8,166,1648,0
ENST00000449988.1,76,463,0
ENST00000420233.1,192,192,0
ENST00000615116.1,703,540,128
ENST00000305978.7,110,540,121
ENST00000373991.3,1071,540,116
ENST00000622112.4,16,543,0
ENST00000614708.1,0,77,585
ENST00000373973.7,173,1731,52
ENST00000349339.5,156,1719,52
ENST00000489667.1,152,303,2076
ENST00000463258.6,140,435,851
ENST00000538900.1,140,1272,310
ENST00000202028.9,173,2340,1001
ENST00000432589.5,98,112,0
ENST00000406771.6,148,504,0
ENST00000430276.5,125,771,0
ENST00000373950.6,325,2319,987
ENST00000373946.7,225,2643,3459
ENST00000441639.5,168,2340,3459
ENST00000628415.2,178,2106,1003
ENST00000452261.5,203,566,0
ENST00000447825.5,554,342,0
ENST00000427533.2,283,177,0
ENST00000338074.7,171,2646,3459
ENST00000636016.2,171,4788,3459
ENST00000373945.5,164,599,0
ENST00000373941.5,9,2643,0
ENST00000451082.5,0,803,0
ENST00000454226.5,0,593,0
ENST00000432603.1,0,359,505
ENST00000680639.1,856,1155,1176
ENST00000397286.7,93,1197,176
ENST00000680412.1,88,990,1412
ENST00000679519.1,88,1338,1176
ENST00000679667.1,621,1155,1176
ENST00000680933.1,232,1155,1181
ENST00000680247.1,230,1155,1176
ENST00000320849.9,74,1155,1188
ENST00000680811.1,531,1155,1177
ENST00000373932.3,346,1155,1188
ENST00000373913.7,480,2970,1606
ENST00000339266.10,477,2979,1602
ENST00000373907.6,199,2979,159
ENST00000475894.5,646,858,1606
ENST00000482872.5,699,140,0
ENST00000495241.5,417,377,0
ENST00000340491.8,822,1362,208
ENST00000489701.5,1228,735,433
ENST00000346786.2,91,357,576
ENST00000279022.7,69,519,2198
ENST00000373874.6,199,714,2519
ENST00000373872.9,183,714,2519
ENST00000650844.1,246,714,341
ENST00000558028.5,116,522,0
ENST00000611732.4,116,714,2514
ENST00000560025.1,211,712,0
ENST00000561398.1,0,277,520
ENST00000557885.1,0,335,324
ENST00000558465.1,0,108,677
ENST00000558530.1,117,468,333
ENST00000344795.8,173,390,506
ENST00000492721.5,167,264,613
ENST00000483815.5,163,264,743
ENST00000373852.9,135,414,510
ENST00000342422.3,130,432,334
ENST00000262866.9,403,786,1548
ENST00000360672.2,88,633,1450
ENST00000373803.6,57,1167,1754
ENST00000359675.6,71,1092,1754
ENST00000349004.6,94,1128,1749
ENST00000373773.7,110,843,1145
ENST00000422536.2,175,561,0
ENST00000426836.5,373,1071,997
ENST00000373740.7,74,855,993
ENST00000448110.6,113,1023,993
ENST00000373750.9,117,1071,993
ENST00000373734.8,172,750,993
ENST00000438549.5,206,425,0
ENST00000447406.1,421,725,0
ENST00000237536.9,194,4986,9038
ENST00000279034.10,327,3051,325
ENST00000465671.1,0,3826,652
ENST00000602922.5,54,648,477
ENST00000217320.8,37,648,1391
ENST00000436941.1,0,84,1364
ENST00000646673.2,65,1881,2703
ENST00000645033.1,71,870,3739
ENST00000682773.1,136,1881,1670
ENST00000646904.1,64,858,3750
ENST00000644250.2,44,1776,1714
ENST00000642246.1,71,384,4053
ENST00000683766.1,250,1881,487
ENST00000647163.1,65,870,2505
ENST00000262878.5,200,1776,2358
ENST00000646869.1,71,1881,1257
ENST00000642186.1,65,870,2377
ENST00000643918.1,38,1770,1159
ENST00000644114.2,0,1314,495
ENST00000646066.1,0,1671,0
ENST00000683720.1,0,726,1193
ENST00000465985.2,0,313,200
ENST00000643825.1,0,420,102
ENST00000645444.2,35,870,3125
ENST00000642616.1,62,471,891
ENST00000643078.1,65,384,946
ENST00000646866.1,28,390,557
ENST00000646121.1,0,268,375
ENST00000373664.8,69,3207,2410
ENST00000344359.7,61,3045,119
ENST00000525052.1,0,763,0
ENST00000527999.1,67,342,190
ENST00000422138.2,0,2871,216
ENST00000343811.10,68,3129,216
ENST00000400440.7,91,1797,199
ENST00000421643.2,108,1692,199
ENST00000456102.5,291,500,0
ENST00000705448.1,938,1965,263
ENST00000373622.9,196,1848,304
ENST00000373632.8,39,1034,0
ENST00000237530.11,27,1896,304
ENST00000437329.5,0,417,103
ENST00000456400.1,0,442,11
ENST00000373614.7,91,327,127
ENST00000237527.8,96,324,127
ENST00000397150.5,94,171,355
ENST00000373606.8,88,258,845
ENST00000397152.7,436,258,845
ENST00000373605.7,812,258,845
ENST00000397151.1,400,258,845
ENST00000692112.1,512,1611,2671
ENST00000693012.1,362,354,367
ENST00000692423.1,480,1611,2671
ENST00000373578.7,362,1611,2671
ENST00000373567.6,39,1611,2671
ENST00000373558.2,4,1629,2671
ENST00000358208.9,4,1662,2671
ENST00000397137.5,278,264,1494
ENST00000373537.7,260,264,1494
ENST00000414542.6,448,264,1493
ENST00000397135.1,326,264,95
ENST00000397134.1,244,264,58
ENST00000397131.1,351,264,18
ENST00000432507.1,328,263,0
ENST00000445723.5,353,235,0
ENST00000414080.1,395,186,0
ENST00000456058.1,551,21,0
ENST00000346199.3,126,165,931
ENST00000647955.1,91,192,715
ENST00000649309.2,82,378,794
ENST00000649451.1,82,246,931
ENST00000649697.1,81,339,106
ENST00000361383.11,93,1692,105
ENST00000447935.3,279,499,0
ENST00000628103.2,243,1611,104
ENST00000373473.5,246,1131,116
ENST00000373469.1,78,936,116
ENST00000373459.4,240,399,192
ENST00000373461.9,224,615,1097
ENST00000448944.1,209,447,0
ENST00000373448.6,239,3270,449
ENST00000373447.8,94,3270,435
ENST00000620381.1,0,98,334
ENST00000462548.6,223,183,2030
ENST00000373433.9,202,981,2489
ENST00000495457.1,116,342,84
ENST00000449186.2,0,591,0
ENST00000614670.1,0,190,469
ENST00000622494.1,0,103,366
ENST00000361475.7,72,2064,2834
ENST00000373403.7,176,842,0
ENST00000453095.1,214,479,0
ENST00000279024.9,235,3603,2539
ENST00000435901.1,0,798,0
ENST00000496900.2,272,2199,86
ENST00000611812.1,0,116,92
ENST00000642449.2,68,1452,321
ENST00000417318.3,80,861,141
ENST00000489102.2,57,168,569
ENST00000217407.3,35,1446,344
ENST00000397042.7,284,4476,3892
ENST00000262879.11,257,4485,3891
ENST00000397040.5,58,4485,3892
ENST00000438490.2,0,3972,103
ENST00000632792.1,0,2599,2259
ENST00000373348.4,56,180,205
ENST00000416116.2,56,594,8
ENST00000470147.5,56,243,473
ENST00000537425.3,54,243,377
ENST00000373345.9,134,2028,805
ENST00000243967.8,0,1777,48
ENST00000414158.1,0,218,316
ENST00000217420.2,239,1578,733
ENST00000243903.6,19,1824,704
ENST00000299824.6,197,1704,4358
ENST00000373331.2,170,1578,4358
ENST00000619304.4,41,1848,586
ENST00000619850.2,26,1758,586
ENST00000373325.6,69,2040,1178
ENST00000373323.8,24,2019,304
ENST00000252011.8,24,2112,1178
ENST00000652169.1,18,381,2977
ENST00000484417.5,8,381,2929
ENST00000449559.1,0,504,103
ENST00000373313.3,386,972,2031
ENST00000361337.3,246,2298,1190
ENST00000681113.1,154,615,3169
ENST00000680945.1,451,891,1190
ENST00000244007.7,197,3876,1212
ENST00000373271.5,405,3873,3117
ENST00000685551.1,99,3876,3117
ENST00000612731.2,0,397,147
ENST00000599785.5,0,153,727
ENST00000608885.5,0,660,205
ENST00000609257.5,0,400,556
ENST00000607954.1,0,327,678
ENST00000421422.1,0,2035,6803
ENST00000309060.7,416,2871,6743
ENST00000683867.1,467,2871,6736
ENST00000560364.5,523,948,2812
ENST00000559234.5,349,2871,3076
ENST00000544979.6,465,2910,558
ENST00000559436.2,0,384,106
ENST00000558993.1,475,948,105
ENST00000560361.5,905,2871,364
ENST00000432768.6,405,2871,275
ENST00000373261.5,368,289,0
ENST00000436440.6,523,269,0
ENST00000436099.6,569,143,0
ENST00000419740.6,434,139,0
ENST00000373257.8,190,2556,1716
ENST00000632009.1,39,2559,1534
ENST00000445975.1,0,808,0
ENST00000332312.4,184,2301,1306
ENST00000373233.8,61,8148,2510
ENST00000440697.5,0,1577,58
ENST00000373222.3,39,1122,1316
ENST00000440647.1,88,448,0
ENST00000356100.6,0,4353,8127
ENST00000373184.5,0,4356,8127
ENST00000373190.5,109,4323,8127
ENST00000373198.8,236,4383,8127
ENST00000373201.5,237,4296,8127
ENST00000373187.6,173,4326,8123
ENST00000373193.7,184,4392,8105
ENST00000617474.1,184,144,4193
ENST00000668808.1,141,831,255
ENST00000670741.1,141,681,255
ENST00000662078.1,141,822,44
ENST00000244020.5,138,1035,3180
ENST00000483871.6,106,408,1166
ENST00000657241.1,0,3271,753
ENST00000649501.1,106,972,1940
ENST00000434666.6,321,2139,2682
ENST00000439769.2,87,957,1535
ENST00000649084.1,180,1494,944
ENST00000418998.7,76,2589,767
ENST00000704961.1,76,2529,2709
ENST00000427442.8,46,2523,475
ENST00000649917.1,59,2466,2665
ENST00000647860.1,0,716,2826
ENST00000649698.1,137,429,4129
ENST00000422861.3,104,2259,2709
ENST00000648570.1,73,972,2826
ENST00000650484.1,34,699,1828
ENST00000648421.1,26,699,1856
ENST00000373135.8,24,2319,61
ENST00000373134.5,19,2232,281
ENST00000473981.2,0,347,1787
ENST00000445228.6,0,450,1752
ENST00000648774.1,0,1483,1376
ENST00000650349.1,0,610,743
ENST00000621802.1,0,228,338
ENST00000647834.1,460,36,0
ENST00000373077.5,156,1077,503
ENST00000373100.7,156,1104,611
ENST00000648083.1,150,474,265
ENST00000648530.1,141,845,0
ENST00000496343.6,117,858,1396
ENST00000485914.2,107,477,265
ENST00000617268.1,524,30,0
ENST00000423407.7,195,1104,616
ENST00000412111.6,73,496,0
ENST00000341458.10,698,1104,611
ENST00000426287.3,78,1104,0
ENST00000373030.8,124,1314,316
ENST00000373039.4,46,1314,239
ENST00000396863.8,265,2031,408
ENST00000217026.5,170,2103,395
ENST00000373005.2,3,372,84
ENST00000373003.2,308,447,84
ENST00000341197.9,40,1521,930
ENST00000423191.6,86,1395,228
ENST00000372999.5,194,1395,930
ENST00000358131.5,208,1467,930
ENST00000413823.1,0,591,680
ENST00000372980.4,483,2091,6928
ENST00000342272.3,388,390,1145
ENST00000255174.3,117,879,1113
ENST00000372970.6,181,879,556
ENST00000617075.4,191,837,1617
ENST00000537864.5,77,1161,1617
ENST00000612599.4,77,891,1617
ENST00000342560.10,27,1104,1647
ENST00000438466.5,15,865,0
ENST00000372952.7,2,444,276
ENST00000445952.2,0,754,72
ENST00000447658.1,0,372,166
ENST00000396825.4,54,789,3785
ENST00000217043.4,115,762,446
ENST00000316673.9,106,1359,3180
ENST00000609795.5,4,1188,0
ENST00000457232.5,4,1329,6
ENST00000609262.5,231,309,0
ENST00000316099.10,134,1425,3180
ENST00000372920.1,103,324,2913
ENST00000443598.6,89,1254,260
ENST00000415691.2,72,1395,835
ENST00000682427.1,0,531,111
ENST00000681977.1,0,453,777
ENST00000684136.1,0,282,958
ENST00000684046.1,0,426,635
ENST00000684476.1,0,333,882
ENST00000619550.5,0,1132,229
ENST00000682169.1,0,329,1111
ENST00000262605.9,133,1029,5062
ENST00000372904.7,143,1029,5062
ENST00000372906.2,120,465,554
ENST00000456317.1,87,839,0
ENST00000411544.5,0,639,173
ENST00000255175.5,134,1422,170
ENST00000342374.5,119,1422,2855
ENST00000372891.7,539,231,673
ENST00000372892.7,434,231,673
ENST00000372894.7,287,231,673
ENST00000372889.5,585,231,673
ENST00000372887.5,303,195,271
ENST00000372886.6,246,231,673
ENST00000349959.3,249,231,673
ENST00000696034.1,95,792,990
ENST00000537820.2,138,1020,1229
ENST00000695991.1,71,630,313
ENST00000695956.1,0,376,196
ENST00000696005.1,0,707,598
ENST00000695992.1,48,792,998
ENST00000695994.1,71,765,547
ENST00000695995.1,71,702,312
ENST00000696058.1,79,1161,338
ENST00000536532.6,84,792,547
ENST00000372874.9,92,1092,312
ENST00000696104.1,92,615,473
ENST00000695889.1,96,567,312
ENST00000696075.1,100,147,1374
ENST00000696076.1,108,1326,598
ENST00000695993.1,110,1164,338
ENST00000696059.1,111,162,1349
ENST00000695949.1,121,1017,312
ENST00000696060.1,127,1161,312
ENST00000696077.1,131,1086,312
ENST00000696061.1,132,1089,312
ENST00000696078.1,136,1089,312
ENST00000696062.1,20,1155,312
ENST00000536076.2,439,939,312
ENST00000696079.1,71,1200,193
ENST00000696017.1,79,1254,594
ENST00000539235.6,84,228,784
ENST00000696080.1,110,1203,189
ENST00000695927.1,164,1170,296
ENST00000696006.1,111,720,531
ENST00000696007.1,0,360,941
ENST00000696082.1,31,1167,281
ENST00000696038.1,92,252,1581
ENST00000696063.1,79,1167,271
ENST00000696064.1,468,939,238
ENST00000696065.1,134,414,178
ENST00000695957.1,84,393,607
ENST00000695891.1,0,471,158
ENST00000696105.1,92,537,219
ENST00000372868.6,343,753,504
ENST00000372865.4,508,657,353
ENST00000190983.5,22,753,504
ENST00000372861.5,46,993,1475
ENST00000372851.8,275,810,4326
ENST00000541604.2,0,813,223
ENST00000479421.5,188,450,459
ENST00000353703.9,185,741,2094
ENST00000372839.7,274,741,2094
ENST00000428262.1,348,300,0
ENST00000445830.1,333,223,0
ENST00000633979.1,0,244,445
ENST00000217073.7,84,1860,197
ENST00000255136.8,84,1845,197
ENST00000537323.5,20,993,897
ENST00000217074.9,0,579,1229
ENST00000490798.6,0,523,420
ENST00000476056.6,0,599,620
ENST00000674244.1,0,221,604
ENST00000217075.7,0,492,110
ENST00000674318.1,0,117,1051
ENST00000372826.6,0,458,396
ENST00000372822.2,0,405,131
ENST00000372813.4,64,930,979
ENST00000698218.1,75,213,1038
ENST00000698219.1,57,189,1734
ENST00000372806.8,57,1464,4845
ENST00000698220.1,56,144,1647
ENST00000487587.3,56,195,1639
ENST00000698221.1,52,1014,1049
ENST00000372801.5,47,1389,602
ENST00000698222.1,30,126,1854
ENST00000474717.3,257,1236,4793
ENST00000698224.1,0,277,2029
ENST00000537075.3,210,1581,3656
ENST00000306117.5,397,1581,2560
ENST00000307971.7,79,675,280
ENST00000372789.6,91,372,546
ENST00000372785.3,18,336,421
ENST00000243924.4,21,354,176
ENST00000372781.4,21,1389,212
ENST00000372769.4,17,1749,212
ENST00000338380.2,21,399,176
ENST00000372754.5,9,1869,322
ENST00000353917.10,157,1500,322
ENST00000537548.3,245,1746,322
ENST00000372756.6,159,1746,317
ENST00000360607.10,187,1623,317
ENST00000686119.1,21,144,1652
ENST00000343694.8,83,1554,865
ENST00000372741.7,72,1416,148
ENST00000372743.5,72,1551,0
ENST00000464504.2,0,554,148
ENST00000372733.3,40,597,1976
ENST00000372727.5,243,471,99
ENST00000414310.5,277,408,110
ENST00000426004.5,180,231,2504
ENST00000243918.10,163,471,2094
ENST00000457307.1,89,174,678
ENST00000453003.1,78,355,0
ENST00000419593.5,119,237,957
ENST00000458187.5,30,294,349
ENST00000452133.1,22,237,415
ENST00000372726.5,89,873,1350
ENST00000372723.7,162,486,470
ENST00000372722.7,148,339,715
ENST00000357275.6,80,486,470
ENST00000372720.7,231,780,470
ENST00000372717.5,153,339,715
ENST00000360981.8,122,486,470
ENST00000372712.6,581,486,470
ENST00000372710.5,179,486,467
ENST00000443296.1,0,518,715
ENST00000279035.14,73,1431,376
ENST00000638246.1,60,372,1600
ENST00000543458.7,50,1569,418
ENST00000689203.1,45,1500,670
ENST00000692236.1,45,1500,738
ENST00000640549.2,45,1500,447
ENST00000424705.3,45,1500,1810
ENST00000638383.1,35,699,1501
ENST00000638978.1,34,1290,767
ENST00000639984.1,34,516,1415
ENST00000638612.1,34,1500,777
ENST00000640108.1,25,351,1733
ENST00000640996.1,24,423,1772
ENST00000640666.1,24,1500,978
ENST00000372689.9,20,1536,415
ENST00000639499.1,16,1488,517
ENST00000640175.1,16,291,1122
ENST00000455050.2,16,372,1419
ENST00000638938.1,16,423,1546
ENST00000640272.1,16,612,1484
ENST00000638671.1,16,438,1490
ENST00000640107.1,16,723,1366
ENST00000640585.1,16,423,1764
ENST00000639932.1,16,729,1413
ENST00000638445.1,16,576,1496
ENST00000640692.1,16,903,1029
ENST00000638387.1,16,996,1158
ENST00000638691.2,16,1653,413
ENST00000640986.1,16,903,1268
ENST00000279036.12,16,1737,415
ENST00000638594.1,16,1518,301
ENST00000638745.1,16,438,5633
ENST00000638489.1,15,942,0
ENST00000638353.1,15,955,0
ENST00000638714.1,15,387,1484
ENST00000638953.1,14,423,515
ENST00000639783.1,14,597,1080
ENST00000640542.1,14,1299,856
ENST00000639382.1,13,1180,0
ENST00000640210.1,13,1326,376
ENST00000639235.1,12,949,0
ENST00000638478.1,12,1064,0
ENST00000639286.1,7,306,548
ENST00000640194.1,6,372,1432
ENST00000432270.2,5,827,0
ENST00000639417.1,3,552,325
ENST00000545755.3,3,1155,0
ENST00000639292.2,0,1818,341
ENST00000640324.1,0,1743,355
ENST00000639194.1,0,57,382
ENST00000638710.1,0,234,2093
ENST00000638415.1,0,37,1701
ENST00000638927.1,0,642,815
ENST00000639239.1,0,386,119
ENST00000638277.1,0,434,445
ENST00000640123.1,0,185,662
ENST00000638864.1,0,11,462
ENST00000372676.8,29,375,163
ENST00000217425.9,26,309,21
ENST00000447118.5,26,240,426
ENST00000339946.7,26,231,163
ENST00000342873.7,433,222,163
ENST00000217428.7,14,270,190
ENST00000372670.8,75,261,271
ENST00000651288.1,305,561,271
ENST00000504988.1,69,540,547
ENST00000354280.9,44,402,1518
ENST00000409554.1,395,234,369
ENST00000336443.3,564,354,299
ENST00000357199.8,79,726,463
ENST00000289953.3,37,726,264
ENST00000326000.2,234,270,171
ENST00000372643.4,75,240,178
ENST00000618797.4,141,264,156
ENST00000324384.4,195,264,156
ENST00000356562.6,222,264,156
ENST00000330523.10,231,222,179
ENST00000335769.2,28,270,177
ENST00000305479.3,86,282,982
ENST00000279058.4,21,300,195
ENST00000337205.8,0,677,220
ENST00000372632.6,75,414,215
ENST00000372630.2,97,285,215
ENST00000243938.9,59,696,215
ENST00000372622.8,51,990,223
ENST00000449078.5,0,453,20
ENST00000456939.5,0,841,232
ENST00000415790.5,156,435,0
ENST00000435014.1,0,698,232
ENST00000405520.5,120,240,281
ENST00000617055.4,120,399,186
ENST00000335046.7,61,486,190
ENST00000356455.9,52,540,185
ENST00000243893.10,38,153,285
ENST00000352551.9,22,453,190
ENST00000372568.4,301,423,190
ENST00000372555.8,64,483,134
ENST00000372557.1,208,438,134
ENST00000491381.6,121,1122,1963
ENST00000614929.4,89,498,0
ENST00000462307.5,89,477,477
ENST00000342644.9,68,600,838
ENST00000372542.5,312,1095,417
ENST00000372541.1,71,450,250
ENST00000217455.9,77,960,117
ENST00000461272.5,74,681,442
ENST00000652771.1,419,555,108
ENST00000488679.5,87,324,602
ENST00000487205.5,0,629,73
ENST00000483141.1,54,516,617
ENST00000486165.5,56,399,309
ENST00000457981.5,0,223,485
ENST00000426915.1,0,279,535
ENST00000255152.3,212,2091,473
ENST00000372523.1,95,1458,1216
ENST00000372519.4,32,684,26
ENST00000545238.1,0,271,219
ENST00000372518.5,217,858,124
ENST00000606788.5,1182,696,1178
ENST00000372484.8,1072,1497,370
ENST00000677394.1,926,1497,351
ENST00000678078.1,458,696,1124
ENST00000676526.1,355,696,687
ENST00000606394.6,13,249,730
ENST00000354880.9,58,1392,370
ENST00000646241.3,45,1443,370
ENST00000191018.9,85,1443,370
ENST00000678939.1,38,1170,1136
ENST00000677525.1,59,237,1636
ENST00000678025.1,35,612,1881
ENST00000419493.3,26,1179,573
ENST00000678331.1,24,1116,394
ENST00000676657.1,14,648,1154
ENST00000607482.6,74,1443,370
ENST00000372459.7,183,1443,370
ENST00000676967.1,148,711,1210
ENST00000676597.1,0,1092,240
ENST00000678217.1,0,783,1705
ENST00000678443.1,0,1353,344
ENST00000354050.8,85,1326,320
ENST00000372431.8,88,1482,319
ENST00000372420.5,131,1218,181
ENST00000477313.5,595,1482,178
ENST00000420868.2,88,1197,135
ENST00000372409.8,309,2115,265
ENST00000479348.2,0,914,410
ENST00000322927.3,132,4029,293
ENST00000372330.3,19,2124,193
ENST00000454036.6,76,3420,97
ENST00000628272.1,67,162,172
ENST00000626701.1,54,363,200
ENST00000413737.2,0,203,208
ENST00000608944.5,201,370,0
ENST00000616202.4,163,870,1412
ENST00000616933.4,163,789,5214
ENST00000626937.2,163,543,518
ENST00000627290.2,161,177,245
ENST00000243964.7,130,3351,2545
ENST00000539566.3,121,561,423
ENST00000637437.1,0,73,27
ENST00000290231.11,175,1740,1309
ENST00000372291.3,413,314,0
ENST00000620709.4,66,456,1000
ENST00000372285.8,30,834,818
ENST00000372276.7,28,612,983
ENST00000695671.1,16,714,1
ENST00000477696.6,0,147,653
ENST00000489304.6,0,576,1164
ENST00000466205.5,0,479,343
ENST00000537909.4,643,2487,767
ENST00000543605.5,291,1035,4414
ENST00000372230.10,312,1098,4410
ENST00000372227.5,541,1098,866
ENST00000243896.6,483,1098,866
ENST00000317734.12,126,1185,864
ENST00000420518.5,0,588,0
ENST00000424568.1,258,473,0
ENST00000467800.5,0,1325,2796
ENST00000372176.5,469,1899,1310
ENST00000290246.11,193,2163,1310
ENST00000452857.5,0,852,1306
ENST00000396391.5,106,2163,1305
ENST00000352077.6,0,2157,0
ENST00000425546.5,0,804,540
ENST00000450812.5,153,1015,0
ENST00000615481.4,0,2040,1666
ENST00000692313.1,1058,2043,1666
ENST00000347606.8,183,2043,1664
ENST00000457685.6,1324,1929,234
ENST00000593880.1,295,2112,228
ENST00000625284.2,247,2040,208
ENST00000596323.1,1723,520,0
ENST00000279028.3,94,1701,328
ENST00000290317.9,127,1668,2199
ENST00000279027.9,38,1809,2194
ENST00000472148.5,127,1563,1593
ENST00000413164.6,38,1659,311
ENST00000495082.5,191,1668,28
ENST00000468915.5,371,1226,0
ENST00000450298.5,0,707,0
ENST00000420568.5,0,906,350
ENST00000372121.5,102,746,0
ENST00000417157.2,127,558,191
ENST00000372114.4,30,762,2388
ENST00000372102.3,26,366,1620
ENST00000359271.4,88,1626,2513
ENST00000486000.2,38,42,417
ENST00000357410.7,374,1380,711
ENST00000611592.4,374,1527,711
ENST00000327619.10,155,1617,711
ENST00000317304.10,10,1527,3
ENST00000458636.2,0,592,0
ENST00000311275.11,254,3561,1547
ENST00000536340.5,0,3726,1547
ENST00000471951.7,29,3705,1547
ENST00000360911.7,36,3408,1547
ENST00000355972.8,350,3645,1547
ENST00000372023.7,279,3318,1547
ENST00000396281.8,403,3561,1547
ENST00000446994.6,279,3645,1547
ENST00000611941.4,279,3264,1547
ENST00000619049.4,279,2304,1444
ENST00000458360.6,50,3165,514
ENST00000467200.6,0,3286,348
ENST00000262975.8,284,3507,348
ENST00000352431.6,29,3483,320
ENST00000461685.5,0,3567,0
ENST00000540497.5,0,3405,0
ENST00000617418.4,0,3411,0
ENST00000435836.5,145,525,0
ENST00000446894.5,214,127,0
ENST00000441977.1,102,73,0
ENST00000371998.8,231,4275,3455
ENST00000372004.7,216,4263,3460
ENST00000371997.3,177,4248,2325
ENST00000698128.1,342,444,3546
ENST00000359930.8,852,2613,1450
ENST00000688720.1,239,2613,956
ENST00000484875.5,669,2613,956
ENST00000495544.5,0,623,927
ENST00000467815.5,607,2604,694
ENST00000437955.1,247,567,0
ENST00000482556.5,0,2651,2031
ENST00000371941.4,139,4980,1633
ENST00000620554.1,0,39,323
ENST00000371917.5,179,5358,3494
ENST00000681399.1,61,162,8508
ENST00000680871.1,0,1020,4186
ENST00000681656.1,0,1695,3554
ENST00000681021.1,0,5187,1396
ENST00000681885.1,0,4680,980
ENST00000679436.1,0,5355,3473
ENST00000396192.7,189,2748,522
ENST00000262982.3,123,2916,511
ENST00000371856.7,378,1734,1539
ENST00000371828.7,365,1509,1537
ENST00000340954.11,488,1491,1355
ENST00000347458.9,290,1491,1355
ENST00000360426.8,365,1491,1355
ENST00000371792.5,290,1485,1355
ENST00000371802.5,290,1509,1355
ENST00000437404.2,488,597,0
ENST00000456866.2,256,387,0
ENST00000618172.5,33,2298,239
ENST00000462328.2,17,510,297
ENST00000493252.2,0,825,0
ENST00000371754.8,454,3813,968
ENST00000371752.5,85,5757,1370
ENST00000396105.6,85,5757,1367
ENST00000371744.5,160,2804,0
ENST00000455070.1,0,2122,0
ENST00000635878.1,0,129,44
ENST00000637131.1,0,121,929
ENST00000371741.6,188,2577,9106
ENST00000635465.1,522,2577,1015
ENST00000244043.5,21,1503,4046
ENST00000371711.4,188,1167,3367
ENST00000417961.5,210,1794,4305
ENST00000361573.3,95,1746,4306
ENST00000289431.10,252,1563,2228
ENST00000422556.1,350,1563,2225
ENST00000623528.3,77,213,334
ENST00000622999.3,36,150,2252
ENST00000244061.6,16,687,1744
ENST00000623732.3,14,252,303
ENST00000625177.3,14,566,0
ENST00000622920.1,6,621,657
ENST00000244050.3,80,795,830
ENST00000371657.9,11,318,1644
ENST00000371674.8,22,444,1644
ENST00000557021.5,296,318,1644
ENST00000617119.4,470,318,1644
ENST00000625172.3,335,318,1644
ENST00000340309.7,379,513,1644
ENST00000371677.7,302,513,1644
ENST00000415862.6,431,312,1644
ENST00000483534.5,382,270,503
ENST00000341698.2,0,1113,1644
ENST00000371652.9,86,813,6804
ENST00000371650.9,97,804,1321
ENST00000371656.3,97,588,1288
ENST00000453505.6,97,138,1793
ENST00000371658.3,3,276,534
ENST00000303004.5,204,1038,597
ENST00000541713.5,335,1089,2045
ENST00000371621.5,145,1308,2526
ENST00000327979.8,414,2853,1124
ENST00000045083.6,318,2841,1120
ENST00000371610.7,207,1119,3253
ENST00000396039.1,122,348,52
ENST00000358791.9,100,636,642
ENST00000609336.5,53,546,188
ENST00000371608.8,23,522,569
ENST00000445038.5,14,351,0
ENST00000463943.1,13,270,1215
ENST00000371602.9,1562,3309,2489
ENST00000621696.5,876,3309,2487
ENST00000673732.1,619,3525,2487
ENST00000644386.1,87,336,775
ENST00000396029.8,730,3309,2357
ENST00000396032.8,601,3309,1069
ENST00000349014.8,297,3309,1056
ENST00000645081.1,1115,2625,1033
ENST00000466152.5,27,567,503
ENST00000371582.8,32,864,265
ENST00000683048.1,9,390,560
ENST00000371588.10,9,783,262
ENST00000371584.9,9,888,187
ENST00000683466.1,554,399,112
ENST00000413082.1,9,663,0
ENST00000244051.3,25,1383,3704
ENST00000371571.5,264,1542,383
ENST00000439216.5,322,774,0
ENST00000424171.5,425,542,0
ENST00000433903.5,512,290,0
ENST00000447736.1,464,144,0
ENST00000396009.7,220,2778,4439
ENST00000371564.8,220,2766,4533
ENST00000609943.5,202,2718,2770
ENST00000610033.5,363,2109,268
ENST00000414705.5,0,2706,268
ENST00000609507.1,285,2109,268
ENST00000311637.9,4,2736,4697
ENST00000338821.6,21,3144,4697
ENST00000217086.9,113,3162,1934
ENST00000371539.7,101,831,219
ENST00000395997.3,67,1851,0
ENST00000371518.6,143,1248,450
ENST00000371523.8,407,1281,546
ENST00000361387.6,61,1938,546
ENST00000456175.5,0,361,84
ENST00000395989.7,99,663,0
ENST00000395979.1,26,396,288
ENST00000346617.8,124,1884,868
ENST00000371515.8,132,2040,868
ENST00000216923.5,143,2046,868
ENST00000371497.10,936,3105,8195
ENST00000603338.2,363,3096,344
ENST00000605656.2,0,585,395
ENST00000626626.1,22,225,423
ENST00000371471.7,426,3147,2217
ENST00000302342.3,271,3147,2215
ENST00000437222.1,0,450,296
ENST00000431687.5,494,285,0
ENST00000448484.5,0,1431,4681
ENST00000685429.1,381,1488,2618
ENST00000371435.6,118,1521,1381
ENST00000395961.7,167,1755,1381
ENST00000688948.1,167,1890,1381
ENST00000690125.1,256,921,1373
ENST00000688711.1,257,963,1373
ENST00000689476.1,285,753,299
ENST00000422805.2,191,726,139
ENST00000686565.1,51,1614,139
ENST00000216862.8,407,1545,1326
ENST00000395955.7,70,1347,810
ENST00000395954.3,260,1119,59
ENST00000371419.7,14,405,811
ENST00000441080.2,6,411,162
ENST00000262593.10,354,921,690
ENST00000395939.5,445,597,411
ENST00000064571.3,1348,606,1200
ENST00000243911.2,112,972,0
ENST00000371384.4,32,579,2376
ENST00000437418.1,0,158,456
ENST00000395914.5,257,1212,769
ENST00000371356.6,132,1212,768
ENST00000347343.6,268,1212,768
ENST00000395911.5,165,1212,768
ENST00000395915.8,53,1212,768
ENST00000312783.10,243,1212,768
ENST00000395913.7,189,1212,768
ENST00000395907.5,53,1044,805
ENST00000441357.5,177,814,0
ENST00000420474.5,313,566,0
ENST00000422322.5,304,440,0
ENST00000456249.5,491,319,0
ENST00000451915.1,345,239,0
ENST00000415828.5,200,1036,0
ENST00000428552.1,128,426,0
ENST00000217109.9,101,1296,2635
ENST00000452950.1,197,1036,0
ENST00000493039.5,165,180,1889
ENST00000490539.1,51,180,698
ENST00000360314.7,225,2361,33
ENST00000679887.1,199,2361,1635
ENST00000434344.2,198,1050,1640
ENST00000679529.1,66,2199,257
ENST00000023939.8,113,1011,621
ENST00000395881.7,84,693,795
ENST00000357348.10,71,921,1184
ENST00000449062.1,20,832,0
ENST00000243913.8,1072,927,65
ENST00000371328.5,65,516,82
ENST00000371325.1,96,516,82
ENST00000201031.3,239,1353,1270
ENST00000416606.1,127,355,0
ENST00000395863.8,519,1296,2206
ENST00000395864.7,220,1098,428
ENST00000450594.6,507,1239,111
ENST00000433911.1,0,890,0
ENST00000371263.8,65,1191,533
ENST00000345868.8,55,1077,534
ENST00000371260.8,9,1065,534
ENST00000418127.5,0,810,0
ENST00000494972.1,0,372,761
ENST00000371242.6,143,1107,1112
ENST00000527947.5,178,1314,11
ENST00000395841.7,175,1107,1103
ENST00000492498.5,156,654,346
ENST00000411894.5,176,412,0
ENST00000429339.5,68,412,0
ENST00000395840.6,383,1107,1112
ENST00000452119.1,429,262,0
ENST00000356208.10,186,720,1487
ENST00000440234.6,154,366,166
ENST00000342690.4,129,234,489
ENST00000344785.10,14,372,1807
ENST00000371219.2,269,477,14
ENST00000522557.2,1041,636,433
ENST00000423479.7,91,2103,284
ENST00000608263.5,662,1992,1386
ENST00000429804.7,636,1842,1386
ENST00000609232.5,290,1992,1386
ENST00000243914.8,124,1992,1384
ENST00000371196.6,117,1992,1382
ENST00000608440.5,52,1998,699
ENST00000422109.6,662,1284,1018
ENST00000426658.6,662,1356,1978
ENST00000433949.7,152,1383,699
ENST00000502686.6,112,1212,699
ENST00000432255.6,662,1452,841
ENST00000539382.5,152,1269,841
ENST00000608903.5,112,900,1123
ENST00000422869.6,190,1722,1054
ENST00000608425.5,190,1884,841
ENST00000608720.5,662,1281,298
ENST00000608158.5,662,1215,107
ENST00000481655.2,190,1215,107
ENST00000319441.6,134,1869,2317
ENST00000395822.7,281,1065,727
ENST00000371173.8,131,1290,721
ENST00000453793.1,0,357,0
ENST00000541799.1,99,747,195
ENST00000395816.7,144,714,3661
ENST00000347215.8,126,759,3661
ENST00000265626.8,254,714,3659
ENST00000341744.8,433,864,3657
ENST00000395814.5,70,714,16
ENST00000414037.5,206,625,0
ENST00000395819.3,178,681,0
ENST00000371168.4,63,414,328
ENST00000457363.2,0,1038,2369
ENST00000244040.4,262,585,7804
ENST00000475243.6,231,732,6866
ENST00000395802.7,147,300,1387
ENST00000520497.1,94,216,627
ENST00000371149.8,692,1506,1689
ENST00000425773.1,562,240,0
ENST00000458280.5,185,368,0
ENST00000355957.9,735,927,3235
ENST00000312283.12,172,613,0
ENST00000412911.5,198,362,0
ENST00000460655.5,291,141,140
ENST00000359617.8,245,819,3209
ENST00000371141.8,724,978,3235
ENST00000476384.5,280,240,416
ENST00000483434.5,161,240,473
ENST00000371132.8,402,915,3235
ENST00000467096.5,141,348,453
ENST00000358029.8,128,966,3235
ENST00000464640.5,0,609,203
ENST00000493301.5,0,380,217
ENST00000438253.1,0,660,195
ENST00000530122.1,573,1149,1711
ENST00000525967.5,122,1488,307
ENST00000525817.5,128,1428,224
ENST00000356091.11,101,1572,518
ENST00000533788.1,0,541,358
ENST00000313949.11,389,738,1451
ENST00000371098.6,359,738,622
ENST00000371075.7,359,738,1454
ENST00000419558.7,359,738,1406
ENST00000657090.1,196,1008,363
ENST00000453292.7,0,738,1409
ENST00000306090.12,0,1089,0
ENST00000491348.5,571,42,455
ENST00000472183.6,429,1008,363
ENST00000462499.6,296,966,363
ENST00000482112.6,296,963,363
ENST00000663479.2,292,1011,363
ENST00000493744.5,270,87,455
ENST00000467227.6,160,966,363
ENST00000481768.6,552,2259,547
ENST00000676826.2,552,3117,363
ENST00000371100.9,550,3114,363
ENST00000306120.4,0,2073,0
ENST00000371102.8,3,3072,363
ENST00000464624.7,3,2178,1390
ENST00000423897.7,0,2193,455
ENST00000349036.9,0,3069,363
ENST00000464960.5,444,87,455
ENST00000488546.6,78,966,363
ENST00000667293.2,94,1008,363
ENST00000481039.6,88,966,363
ENST00000467321.6,192,1008,363
ENST00000477931.5,292,1008,363
ENST00000485673.6,464,966,363
ENST00000470512.6,248,1011,363
ENST00000464788.6,105,1008,363
ENST00000469431.6,294,1008,363
ENST00000478585.6,232,966,350
ENST00000604005.6,211,1008,363
ENST00000480975.5,221,963,350
ENST00000480232.6,193,1011,350
ENST00000484504.5,165,42,455
ENST00000461152.6,0,858,182
ENST00000683015.1,0,858,1455
ENST00000371095.7,425,1143,363
ENST00000265620.11,363,1140,363
ENST00000354359.12,306,1188,363
ENST00000371085.8,306,1185,363
ENST00000468895.6,36,1107,390
ENST00000371081.5,11,264,455
ENST00000338783.7,0,219,455
ENST00000488652.6,267,1008,363
ENST00000476935.6,211,963,363
ENST00000492907.6,170,966,363
ENST00000603546.2,212,1008,363
ENST00000494081.5,0,274,283
ENST00000656419.1,4,714,201
ENST00000602795.6,48,1800,455
ENST00000652272.2,54,1746,437
ENST00000460601.5,0,1781,356
ENST00000681011.1,16,870,9963
ENST00000680879.1,126,945,762
ENST00000680753.1,109,885,649
ENST00000681175.1,82,960,1783
ENST00000681877.1,146,732,88
ENST00000680263.1,113,825,970
ENST00000681416.1,102,825,1287
ENST00000681427.1,102,348,983
ENST00000680456.1,114,723,999
ENST00000680206.1,119,657,556
ENST00000217131.6,126,912,464
ENST00000680283.1,126,219,993
ENST00000681664.1,126,510,966
ENST00000680738.1,126,885,621
ENST00000680300.1,109,675,672
ENST00000680565.1,126,465,1252
ENST00000680995.1,113,1005,457
ENST00000681360.1,718,324,1205
ENST00000679948.1,126,867,1367
ENST00000503833.7,111,861,0
ENST00000681797.1,114,953,0
ENST00000680880.1,126,747,461
ENST00000680386.1,679,729,453
ENST00000217133.2,94,1356,1871
ENST00000243997.8,84,156,3370
ENST00000395663.1,41,156,500
ENST00000395659.1,94,156,1628
ENST00000355937.9,56,585,1862
ENST00000371033.9,75,495,373
ENST00000463057.1,2,207,495
ENST00000637017.1,1549,5034,4370
ENST00000371030.4,423,5034,4370
ENST00000311585.11,370,660,1625
ENST00000371028.6,369,717,1311
ENST00000644821.1,266,597,1681
ENST00000337938.7,202,717,1533
ENST00000371025.7,195,579,379
ENST00000395654.3,110,675,1533
ENST00000672969.1,0,464,268
ENST00000359926.7,0,1671,581
ENST00000434923.1,414,125,0
ENST00000371015.6,475,1680,581
ENST00000541461.5,213,1557,579
ENST00000355648.8,109,1557,581
ENST00000395636.6,234,1557,581
ENST00000361300.4,234,1347,581
ENST00000492611.5,617,387,581
ENST00000371001.6,139,4593,747
ENST00000357552.8,208,4593,740
ENST00000412613.1,0,625,0
ENST00000446834.5,270,3071,0
ENST00000425931.1,133,355,0
ENST00000358293.7,415,1152,3585
ENST00000360816.8,349,1152,3585
ENST00000421092.1,276,143,0
ENST00000370996.5,374,900,2369
ENST00000348616.9,304,2499,1799
ENST00000370991.7,0,1334,335
ENST00000244049.7,207,375,1349
ENST00000350849.10,197,498,1799
ENST00000456106.1,177,241,0
ENST00000614565.5,253,2751,3674
ENST00000611855.4,560,2469,275
ENST00000543233.2,282,2529,306
ENST00000474089.5,0,238,294
ENST00000692470.1,0,972,387
ENST00000252996.9,71,3258,1370
ENST00000488539.1,0,645,0
ENST00000609045.1,0,84,478
ENST00000370915.5,206,666,207
ENST00000279068.11,192,1158,1226
ENST00000400318.6,185,888,0
ENST00000279069.11,140,671,0
ENST00000361670.3,493,746,0
ENST00000370873.9,91,747,124
ENST00000442551.5,0,563,122
ENST00000370861.1,236,537,0
ENST00000370858.3,127,450,348
ENST00000331758.8,52,1191,3306
ENST00000450482.5,396,385,0
ENST00000370848.8,33,945,260
ENST00000492466.2,0,635,264
ENST00000370823.8,35,1221,2491
ENST00000467101.5,19,420,2375
ENST00000448254.1,28,699,0
ENST00000340177.10,308,1338,1046
ENST00000317393.10,297,1122,0
ENST00000618509.4,514,68,0
ENST00000622332.4,214,540,0
ENST00000439951.6,517,1113,2256
ENST00000644535.1,221,1110,2548
ENST00000642957.1,546,491,0
ENST00000313733.9,205,1443,2296
ENST00000358053.3,205,1407,2324
ENST00000645520.1,423,1113,244
ENST00000642932.1,184,732,2427
ENST00000642516.1,177,1113,2137
ENST00000644775.1,229,1242,978
ENST00000643174.1,173,306,3551
ENST00000645442.1,161,1167,978
ENST00000643412.1,276,1443,964
ENST00000646834.1,162,243,1929
ENST00000646968.1,162,345,1851
ENST00000645426.1,152,678,3840
ENST00000644702.1,67,1347,969
ENST00000644189.1,245,876,208
ENST00000643981.1,216,1443,983
ENST00000642714.1,0,1318,1060
ENST00000448156.3,0,231,219
ENST00000491935.5,205,1224,101
ENST00000620230.4,155,1107,99
ENST00000253003.7,54,1224,101
ENST00000462554.2,311,424,0
ENST00000252999.7,67,11088,271
ENST00000474128.1,0,117,462
ENST00000497053.2,0,723,0
ENST00000343986.9,52,252,54
ENST00000370562.1,42,201,759
ENST00000450116.6,21,246,151
ENST00000370592.2,14,273,114
ENST00000279101.10,9,1437,2337
ENST00000453274.1,0,775,0
ENST00000252998.2,163,1995,641
ENST00000252997.3,87,1194,1339
ENST00000217159.6,147,2169,400
ENST00000497209.5,130,1863,1099
ENST00000370507.5,96,2169,400
ENST00000451793.1,0,456,400
ENST00000370501.4,372,1257,2504
ENST00000370487.5,51,615,2086
ENST00000290291.10,25,2034,351
ENST00000370461.5,2277,1878,351
ENST00000450048.1,270,283,0
ENST00000649368.1,15,2055,427
ENST00000452372.2,44,573,0
ENST00000335351.8,152,1503,970
ENST00000217162.5,237,1452,764
ENST00000266070.8,356,6723,1495
ENST00000395343.6,266,6723,1490
ENST00000395340.5,264,3570,3717
ENST00000370371.8,356,1689,788
ENST00000370368.5,232,1689,783
ENST00000354665.8,237,1689,781
ENST00000370366.1,199,1635,549
ENST00000266069.5,119,687,3563
ENST00000370349.7,204,1293,1097
ENST00000370351.9,122,1311,2085
ENST00000411611.1,108,457,0
ENST00000612929.2,190,726,122
ENST00000370346.2,309,678,70
ENST00000370339.8,239,1680,1279
ENST00000370334.4,247,159,341
ENST00000342412.10,214,843,245
ENST00000217169.8,192,897,245
ENST00000395306.1,6,582,5
ENST00000370313.5,352,360,709
ENST00000370316.8,13,627,713
ENST00000370307.6,245,441,107
ENST00000370317.3,0,504,2
ENST00000519273.6,378,882,1916
ENST00000519604.5,189,1086,1916
ENST00000523114.5,341,238,0
ENST00000547204.5,240,1023,64
ENST00000549047.5,226,814,0
ENST00000523460.5,112,460,0
ENST00000370283.9,112,1221,1917
ENST00000520485.5,109,393,1046
ENST00000370275.8,92,1212,2163
ENST00000518601.6,173,732,0
ENST00000353546.7,60,1245,1471
ENST00000522403.6,211,784,0
ENST00000550188.1,205,367,0
ENST00000549076.1,0,314,599
ENST00000358894.11,100,3855,4090
ENST00000422202.5,68,3894,4135
ENST00000415763.5,0,1204,0
ENST00000455906.1,0,750,0
ENST00000370263.9,184,1884,3515
ENST00000498043.6,0,413,1639
ENST00000627000.1,139,336,1717
ENST00000675470.1,1079,273,0
ENST00000359125.7,192,2619,6436
ENST00000706989.1,192,2673,6436
ENST00000626839.2,214,2565,6434
ENST00000625514.2,92,2265,568
ENST00000629241.2,92,2193,568
ENST00000629676.2,92,1938,369
ENST00000370224.5,135,2301,568
ENST00000637193.1,402,2016,565
ENST00000357249.6,0,2187,407
ENST00000360480.7,42,2535,198
ENST00000344462.8,46,2526,178
ENST00000636614.1,0,151,0
ENST00000344425.8,192,1182,67
ENST00000675519.1,253,180,1549
ENST00000217182.6,97,1392,284
ENST00000706948.1,97,1350,284
ENST00000706949.1,97,1539,8
ENST00000642899.1,191,521,0
ENST00000645357.1,160,458,0
ENST00000646335.1,147,318,0
ENST00000370179.8,155,345,327
ENST00000542869.3,62,1356,1535
ENST00000217185.3,56,405,1940
ENST00000217188.2,286,1467,2329
ENST00000611891.1,559,245,0
ENST00000370098.4,92,957,63
ENST00000615526.1,1949,957,48
ENST00000370097.2,58,957,75
ENST00000467148.2,892,7950,1160
ENST00000266068.5,479,1593,2487
ENST00000370077.2,203,1593,2484
ENST00000540534.5,208,510,1633
ENST00000370053.3,79,543,1626
ENST00000631920.1,0,718,252
ENST00000632676.1,261,258,0
ENST00000634126.1,347,258,0
ENST00000370018.7,827,3660,468
ENST00000469728.5,343,147,111
ENST00000692658.1,332,330,1197
ENST00000684971.1,325,330,1059
ENST00000360203.11,325,3903,387
ENST00000508582.7,325,3732,460
ENST00000318100.9,713,2991,458
ENST00000482936.6,322,3015,137
ENST00000356810.5,270,1069,0
ENST00000646389.1,303,267,0
ENST00000687123.1,0,54,1837
ENST00000496816.5,0,951,1271
ENST00000492259.6,103,2358,2363
ENST00000369996.3,116,903,121
ENST00000612256.4,708,465,1801
ENST00000619493.4,50,606,1800
ENST00000614942.4,148,366,2040
ENST00000622789.5,116,606,1796
ENST00000618838.4,30,606,987
ENST00000612157.4,56,522,1120
ENST00000618568.4,131,366,1115
ENST00000607873.1,207,465,389
ENST00000448100.6,123,1536,222
ENST00000355969.11,108,1536,223
ENST00000357119.8,164,1509,223
ENST00000431125.1,136,291,0
ENST00000369967.7,131,1536,223
ENST00000328969.5,127,1596,222
ENST00000490623.3,0,1253,1866
ENST00000632538.1,0,871,1
ENST00000496820.2,0,507,0
ENST00000444951.5,131,320,0
ENST00000487026.5,73,636,96
ENST00000309546.8,66,888,203
ENST00000480139.5,61,531,227
ENST00000493265.2,266,395,0
ENST00000476183.2,51,758,0
ENST00000467211.1,0,252,0
ENST00000266077.5,137,1164,1060
ENST00000395104.5,166,1770,3262
ENST00000245663.9,201,1770,3260
ENST00000650966.1,123,1299,817
ENST00000369916.5,43,1410,38
ENST00000611972.4,138,459,1600
ENST00000615907.4,138,669,1503
ENST00000369927.8,123,492,479
ENST00000346249.9,96,621,1593
ENST00000348257.9,76,561,1600
ENST00000352482.8,76,663,1600
ENST00000217121.9,72,690,1600
ENST00000351424.8,72,630,1600
ENST00000358548.4,72,603,1600
ENST00000360864.9,209,597,4443
ENST00000470551.1,153,504,4630
ENST00000703637.1,890,504,2643
ENST00000354216.11,44,1647,147
ENST00000369908.9,300,1602,52
ENST00000430743.1,483,405,0
ENST00000369888.6,119,2679,3184
ENST00000369886.8,175,609,1394
ENST00000450107.1,175,318,0
ENST00000266079.5,114,2826,107
ENST00000636176.2,142,570,242
ENST00000463337.1,0,209,1203
ENST00000340356.9,123,1155,584
ENST00000361317.6,442,819,166
ENST00000343484.10,115,900,167
ENST00000339217.8,215,738,0
ENST00000415602.5,478,248,0
ENST00000440819.5,345,738,0
ENST00000458442.1,131,810,0
ENST00000395042.2,293,654,672
ENST00000332298.9,184,654,672
ENST00000336866.7,455,1113,1834
ENST00000672146.3,455,1200,1747
ENST00000355631.8,190,1113,1844
ENST00000349451.3,412,1113,1844
ENST00000302096.5,179,585,59
ENST00000308906.6,140,723,5
ENST00000644172.2,140,175,0
ENST00000659024.1,474,1776,67
ENST00000360149.9,218,1776,65
ENST00000328439.6,386,3366,1805
ENST00000622439.4,364,1776,0
ENST00000536311.5,364,3447,1803
ENST00000650655.1,592,3366,1800
ENST00000684052.1,293,1002,2028
ENST00000369768.1,340,1002,10
ENST00000299468.12,200,849,1887
ENST00000369758.8,154,1005,2053
ENST00000308824.11,147,1086,2626
ENST00000609372.1,146,636,539
ENST00000610196.1,193,283,0
ENST00000609764.1,167,405,0
ENST00000610074.1,135,406,0
ENST00000608844.1,0,214,314
ENST00000609818.1,0,551,0
